Month,Mdate,Time,Hourly_Counts
April,1,0,824.0
April,1,1,486.0
April,1,2,415.0
April,1,3,230.0
April,1,4,220.0
April,1,5,159.0
April,1,6,263.0
April,1,7,484.0
April,1,8,628.0
April,1,9,1081.0
April,1,10,1547.0
April,1,11,1734.0
April,1,12,1947.0
April,1,13,2190.0
April,1,14,2455.0
April,1,15,2278.0
April,1,16,2313.0
April,1,17,2203.0
April,1,18,2185.0
April,1,19,2085.0
April,1,20,1692.0
April,1,21,1533.0
April,1,22,1058.0
April,1,23,898.0
April,2,0,363.0
April,2,1,228.0
April,2,2,146.0
April,2,3,79.0
April,2,4,104.0
April,2,5,125.0
April,2,6,156.0
April,2,7,273.0
April,2,8,518.0
April,2,9,1053.0
April,2,10,1459.0
April,2,11,1913.0
April,2,12,2134.0
April,2,13,2625.0
April,2,14,2599.0
April,2,15,2453.0
April,2,16,2400.0
April,2,17,2389.0
April,2,18,2226.0
April,2,19,1812.0
April,2,20,1321.0
April,2,21,1000.0
April,2,22,860.0
April,2,23,458.0
April,3,0,177.0
April,3,1,79.0
April,3,2,70.0
April,3,3,50.0
April,3,4,60.0
April,3,5,132.0
April,3,6,625.0
April,3,7,1410.0
April,3,8,2511.0
April,3,9,1813.0
April,3,10,1778.0
April,3,11,2079.0
April,3,12,2882.0
April,3,13,3173.0
April,3,14,2834.0
April,3,15,3052.0
April,3,16,3373.0
April,3,17,4162.0
April,3,18,3343.0
April,3,19,2365.0
April,3,20,1667.0
April,3,21,1494.0
April,3,22,949.0
April,3,23,588.0
April,4,0,164.0
April,4,1,73.0
April,4,2,57.0
April,4,3,52.0
April,4,4,76.0
April,4,5,192.0
April,4,6,622.0
April,4,7,1502.0
April,4,8,2764.0
April,4,9,1836.0
April,4,10,1812.0
April,4,11,2202.0
April,4,12,2976.0
April,4,13,3313.0
April,4,14,3013.0
April,4,15,3021.0
April,4,16,3427.0
April,4,17,4252.0
April,4,18,3392.0
April,4,19,2372.0
April,4,20,1782.0
April,4,21,1501.0
April,4,22,1130.0
April,4,23,686.0
April,5,0,244.0
April,5,1,108.0
April,5,2,79.0
April,5,3,79.0
April,5,4,53.0
April,5,5,144.0
April,5,6,588.0
April,5,7,1490.0
April,5,8,2701.0
April,5,9,1737.0
April,5,10,1714.0
April,5,11,2016.0
April,5,12,2919.0
April,5,13,3107.0
April,5,14,2998.0
April,5,15,2967.0
April,5,16,3271.0
April,5,17,4206.0
April,5,18,3348.0
April,5,19,2290.0
April,5,20,1853.0
April,5,21,1523.0
April,5,22,1137.0
April,5,23,709.0
April,6,0,273.0
April,6,1,136.0
April,6,2,109.0
April,6,3,79.0
April,6,4,66.0
April,6,5,157.0
April,6,6,582.0
April,6,7,1408.0
April,6,8,2730.0
April,6,9,1871.0
April,6,10,1903.0
April,6,11,2129.0
April,6,12,2851.0
April,6,13,3236.0
April,6,14,2897.0
April,6,15,3100.0
April,6,16,3270.0
April,6,17,4205.0
April,6,18,3497.0
April,6,19,2447.0
April,6,20,2055.0
April,6,21,1768.0
April,6,22,1470.0
April,6,23,1172.0
April,7,0,550.0
April,7,1,373.0
April,7,2,277.0
April,7,3,210.0
April,7,4,174.0
April,7,5,187.0
April,7,6,465.0
April,7,7,1036.0
April,7,8,1755.0
April,7,9,1534.0
April,7,10,1723.0
April,7,11,2165.0
April,7,12,2635.0
April,7,13,3000.0
April,7,14,3006.0
April,7,15,3007.0
April,7,16,3232.0
April,7,17,3484.0
April,7,18,2975.0
April,7,19,2340.0
April,7,20,1882.0
April,7,21,1778.0
April,7,22,1610.0
April,7,23,1287.0
April,8,0,792.0
April,8,1,626.0
April,8,2,399.0
April,8,3,320.0
April,8,4,257.0
April,8,5,190.0
April,8,6,297.0
April,8,7,434.0
April,8,8,780.0
April,8,9,1175.0
April,8,10,1634.0
April,8,11,1967.0
April,8,12,2196.0
April,8,13,2454.0
April,8,14,2430.0
April,8,15,2531.0
April,8,16,2371.0
April,8,17,2177.0
April,8,18,2034.0
April,8,19,1748.0
April,8,20,1267.0
April,8,21,1129.0
April,8,22,972.0
April,8,23,792.0
April,9,0,422.0
April,9,1,287.0
April,9,2,259.0
April,9,3,202.0
April,9,4,154.0
April,9,5,197.0
April,9,6,436.0
April,9,7,884.0
April,9,8,1620.0
April,9,9,1366.0
April,9,10,1499.0
April,9,11,1871.0
April,9,12,2325.0
April,9,13,2676.0
April,9,14,2456.0
April,9,15,2645.0
April,9,16,2606.0
April,9,17,2968.0
April,9,18,2472.0
April,9,19,1818.0
April,9,20,1414.0
April,9,21,1134.0
April,9,22,726.0
April,9,23,497.0
April,10,0,286.0
April,10,1,160.0
April,10,2,85.0
April,10,3,49.0
April,10,4,51.0
April,10,5,137.0
April,10,6,460.0
April,10,7,1271.0
April,10,8,2424.0
April,10,9,1687.0
April,10,10,1519.0
April,10,11,1896.0
April,10,12,2680.0
April,10,13,2858.0
April,10,14,2505.0
April,10,15,2624.0
April,10,16,3018.0
April,10,17,3967.0
April,10,18,3145.0
April,10,19,2133.0
April,10,20,1586.0
April,10,21,1210.0
April,10,22,854.0
April,10,23,491.0
April,11,0,196.0
April,11,1,99.0
April,11,2,67.0
April,11,3,63.0
April,11,4,70.0
April,11,5,164.0
April,11,6,548.0
April,11,7,1360.0
April,11,8,2626.0
April,11,9,1819.0
April,11,10,1838.0
April,11,11,2140.0
April,11,12,2953.0
April,11,13,3230.0
April,11,14,2892.0
April,11,15,3007.0
April,11,16,3355.0
April,11,17,4232.0
April,11,18,3311.0
April,11,19,2291.0
April,11,20,1695.0
April,11,21,1494.0
April,11,22,1236.0
April,11,23,687.0
April,12,0,212.0
April,12,1,143.0
April,12,2,73.0
April,12,3,75.0
April,12,4,50.0
April,12,5,132.0
April,12,6,588.0
April,12,7,1445.0
April,12,8,2642.0
April,12,9,1843.0
April,12,10,1731.0
April,12,11,2048.0
April,12,12,2767.0
April,12,13,3383.0
April,12,14,2898.0
April,12,15,3093.0
April,12,16,3418.0
April,12,17,4138.0
April,12,18,3390.0
April,12,19,2363.0
April,12,20,2012.0
April,12,21,1656.0
April,12,22,1198.0
April,12,23,830.0
April,13,0,295.0
April,13,1,172.0
April,13,2,125.0
April,13,3,85.0
April,13,4,78.0
April,13,5,159.0
April,13,6,586.0
April,13,7,1424.0
April,13,8,2628.0
April,13,9,1837.0
April,13,10,1816.0
April,13,11,2087.0
April,13,12,2893.0
April,13,13,3365.0
April,13,14,2998.0
April,13,15,3086.0
April,13,16,3485.0
April,13,17,4213.0
April,13,18,3474.0
April,13,19,2697.0
April,13,20,2404.0
April,13,21,1990.0
April,13,22,1637.0
April,13,23,1285.0
April,14,0,693.0
April,14,1,455.0
April,14,2,431.0
April,14,3,382.0
April,14,4,242.0
April,14,5,137.0
April,14,6,164.0
April,14,7,329.0
April,14,8,632.0
April,14,9,854.0
April,14,10,1315.0
April,14,11,1513.0
April,14,12,1822.0
April,14,13,1832.0
April,14,14,1987.0
April,14,15,2269.0
April,14,16,2298.0
April,14,17,2304.0
April,14,18,2075.0
April,14,19,1818.0
April,14,20,1556.0
April,14,21,1349.0
April,14,22,1204.0
April,14,23,948.0
April,15,0,610.0
April,15,1,510.0
April,15,2,315.0
April,15,3,258.0
April,15,4,204.0
April,15,5,149.0
April,15,6,210.0
April,15,7,327.0
April,15,8,586.0
April,15,9,1070.0
April,15,10,1396.0
April,15,11,1832.0
April,15,12,2072.0
April,15,13,2246.0
April,15,14,2488.0
April,15,15,2487.0
April,15,16,2586.0
April,15,17,2497.0
April,15,18,2247.0
April,15,19,1941.0
April,15,20,1455.0
April,15,21,1305.0
April,15,22,1182.0
April,15,23,772.0
April,16,0,420.0
April,16,1,338.0
April,16,2,208.0
April,16,3,172.0
April,16,4,121.0
April,16,5,194.0
April,16,6,442.0
April,16,7,898.0
April,16,8,1515.0
April,16,9,1476.0
April,16,10,1507.0
April,16,11,1661.0
April,16,12,2256.0
April,16,13,2366.0
April,16,14,2478.0
April,16,15,2524.0
April,16,16,2929.0
April,16,17,3222.0
April,16,18,2732.0
April,16,19,2075.0
April,16,20,1568.0
April,16,21,1285.0
April,16,22,1077.0
April,16,23,662.0
April,17,0,277.0
April,17,1,174.0
April,17,2,103.0
April,17,3,124.0
April,17,4,50.0
April,17,5,121.0
April,17,6,343.0
April,17,7,824.0
April,17,8,1591.0
April,17,9,1410.0
April,17,10,1620.0
April,17,11,1816.0
April,17,12,2411.0
April,17,13,2766.0
April,17,14,2659.0
April,17,15,2537.0
April,17,16,2827.0
April,17,17,3294.0
April,17,18,2818.0
April,17,19,1931.0
April,17,20,1505.0
April,17,21,1246.0
April,17,22,962.0
April,17,23,612.0
April,18,0,226.0
April,18,1,142.0
April,18,2,96.0
April,18,3,66.0
April,18,4,65.0
April,18,5,194.0
April,18,6,635.0
April,18,7,1451.0
April,18,8,2841.0
April,18,9,1932.0
April,18,10,1723.0
April,18,11,1877.0
April,18,12,2681.0
April,18,13,3115.0
April,18,14,2626.0
April,18,15,2901.0
April,18,16,3195.0
April,18,17,4041.0
April,18,18,3299.0
April,18,19,2262.0
April,18,20,1725.0
April,18,21,1378.0
April,18,22,1117.0
April,18,23,730.0
April,19,0,196.0
April,19,1,93.0
April,19,2,79.0
April,19,3,73.0
April,19,4,50.0
April,19,5,157.0
April,19,6,594.0
April,19,7,1429.0
April,19,8,2615.0
April,19,9,1865.0
April,19,10,1760.0
April,19,11,1926.0
April,19,12,2892.0
April,19,13,3077.0
April,19,14,2654.0
April,19,15,2756.0
April,19,16,3160.0
April,19,17,3990.0
April,19,18,3253.0
April,19,19,2127.0
April,19,20,1847.0
April,19,21,1636.0
April,19,22,1159.0
April,19,23,782.0
April,20,0,269.0
April,20,1,202.0
April,20,2,127.0
April,20,3,97.0
April,20,4,93.0
April,20,5,169.0
April,20,6,622.0
April,20,7,1440.0
April,20,8,2600.0
April,20,9,1953.0
April,20,10,1752.0
April,20,11,2075.0
April,20,12,2895.0
April,20,13,3182.0
April,20,14,2742.0
April,20,15,2861.0
April,20,16,3324.0
April,20,17,3996.0
April,20,18,3245.0
April,20,19,2394.0
April,20,20,2092.0
April,20,21,1804.0
April,20,22,1459.0
April,20,23,1019.0
April,21,0,541.0
April,21,1,342.0
April,21,2,236.0
April,21,3,152.0
April,21,4,133.0
April,21,5,141.0
April,21,6,347.0
April,21,7,762.0
April,21,8,1541.0
April,21,9,1315.0
April,21,10,1563.0
April,21,11,1803.0
April,21,12,2321.0
April,21,13,2569.0
April,21,14,2482.0
April,21,15,2688.0
April,21,16,2724.0
April,21,17,3024.0
April,21,18,2626.0
April,21,19,2052.0
April,21,20,1711.0
April,21,21,1624.0
April,21,22,1392.0
April,21,23,1124.0
April,22,0,727.0
April,22,1,550.0
April,22,2,392.0
April,22,3,319.0
April,22,4,179.0
April,22,5,206.0
April,22,6,252.0
April,22,7,335.0
April,22,8,633.0
April,22,9,1089.0
April,22,10,1479.0
April,22,11,1851.0
April,22,12,2126.0
April,22,13,2405.0
April,22,14,2455.0
April,22,15,2523.0
April,22,16,2677.0
April,22,17,2441.0
April,22,18,2204.0
April,22,19,1955.0
April,22,20,1590.0
April,22,21,1265.0
April,22,22,1075.0
April,22,23,898.0
April,23,0,521.0
April,23,1,416.0
April,23,2,277.0
April,23,3,218.0
April,23,4,195.0
April,23,5,170.0
April,23,6,377.0
April,23,7,834.0
April,23,8,1651.0
April,23,9,1586.0
April,23,10,1591.0
April,23,11,1959.0
April,23,12,2550.0
April,23,13,2760.0
April,23,14,2566.0
April,23,15,2785.0
April,23,16,2902.0
April,23,17,3190.0
April,23,18,2544.0
April,23,19,2046.0
April,23,20,1581.0
April,23,21,1230.0
April,23,22,957.0
April,23,23,558.0
April,24,0,215.0
April,24,1,115.0
April,24,2,84.0
April,24,3,55.0
April,24,4,60.0
April,24,5,164.0
April,24,6,531.0
April,24,7,1283.0
April,24,8,2317.0
April,24,9,1897.0
April,24,10,1819.0
April,24,11,2066.0
April,24,12,2794.0
April,24,13,3044.0
April,24,14,2593.0
April,24,15,2649.0
April,24,16,3059.0
April,24,17,3825.0
April,24,18,3071.0
April,24,19,2182.0
April,24,20,1686.0
April,24,21,1392.0
April,24,22,1370.0
April,24,23,929.0
April,25,0,372.0
April,25,1,267.0
April,25,2,210.0
April,25,3,273.0
April,25,4,202.0
April,25,5,214.0
April,25,6,218.0
April,25,7,488.0
April,25,8,666.0
April,25,9,1024.0
April,25,10,1568.0
April,25,11,2226.0
April,25,12,2356.0
April,25,13,2574.0
April,25,14,2528.0
April,25,15,2237.0
April,25,16,2236.0
April,25,17,2301.0
April,25,18,2246.0
April,25,19,1731.0
April,25,20,1313.0
April,25,21,1128.0
April,25,22,732.0
April,25,23,563.0
April,26,0,226.0
April,26,1,113.0
April,26,2,85.0
April,26,3,59.0
April,26,4,67.0
April,26,5,170.0
April,26,6,538.0
April,26,7,1224.0
April,26,8,2547.0
April,26,9,1918.0
April,26,10,1792.0
April,26,11,1987.0
April,26,12,2658.0
April,26,13,2828.0
April,26,14,2554.0
April,26,15,2722.0
April,26,16,3032.0
April,26,17,3920.0
April,26,18,2941.0
April,26,19,2010.0
April,26,20,1567.0
April,26,21,1341.0
April,26,22,1024.0
April,26,23,592.0
April,27,0,216.0
April,27,1,132.0
April,27,2,96.0
April,27,3,89.0
April,27,4,59.0
April,27,5,173.0
April,27,6,546.0
April,27,7,1370.0
April,27,8,2559.0
April,27,9,1845.0
April,27,10,1642.0
April,27,11,1939.0
April,27,12,2695.0
April,27,13,2807.0
April,27,14,2529.0
April,27,15,2854.0
April,27,16,3178.0
April,27,17,3980.0
April,27,18,3106.0
April,27,19,2164.0
April,27,20,1785.0
April,27,21,1614.0
April,27,22,1300.0
April,27,23,926.0
April,28,0,515.0
April,28,1,374.0
April,28,2,319.0
April,28,3,222.0
April,28,4,122.0
April,28,5,138.0
April,28,6,382.0
April,28,7,838.0
April,28,8,1640.0
April,28,9,1458.0
April,28,10,1554.0
April,28,11,1932.0
April,28,12,2390.0
April,28,13,2716.0
April,28,14,2602.0
April,28,15,2786.0
April,28,16,3002.0
April,28,17,3299.0
April,28,18,2560.0
April,28,19,2434.0
April,28,20,1876.0
April,28,21,1554.0
April,28,22,1303.0
April,28,23,1046.0
April,29,0,662.0
April,29,1,503.0
April,29,2,335.0
April,29,3,327.0
April,29,4,200.0
April,29,5,139.0
April,29,6,248.0
April,29,7,348.0
April,29,8,640.0
April,29,9,984.0
April,29,10,1393.0
April,29,11,1676.0
April,29,12,1965.0
April,29,13,2376.0
April,29,14,2473.0
April,29,15,2512.0
April,29,16,2501.0
April,29,17,2537.0
April,29,18,2246.0
April,29,19,1824.0
April,29,20,1436.0
April,29,21,1274.0
April,29,22,1040.0
April,29,23,731.0
April,30,0,417.0
April,30,1,272.0
April,30,2,216.0
April,30,3,220.0
April,30,4,182.0
April,30,5,226.0
April,30,6,452.0
April,30,7,917.0
April,30,8,1589.0
April,30,9,1382.0
April,30,10,1540.0
April,30,11,1746.0
April,30,12,2444.0
April,30,13,2670.0
April,30,14,2476.0
April,30,15,2529.0
April,30,16,2525.0
April,30,17,3126.0
April,30,18,2491.0
April,30,19,1853.0
April,30,20,1396.0
April,30,21,1150.0
April,30,22,852.0
April,30,23,530.0
May,1,0,154.0
May,1,1,74.0
May,1,2,63.0
May,1,3,71.0
May,1,4,61.0
May,1,5,160.0
May,1,6,602.0
May,1,7,1414.0
May,1,8,2661.0
May,1,9,1901.0
May,1,10,1653.0
May,1,11,1900.0
May,1,12,2754.0
May,1,13,2960.0
May,1,14,2479.0
May,1,15,2640.0
May,1,16,3087.0
May,1,17,3878.0
May,1,18,3042.0
May,1,19,1919.0
May,1,20,1485.0
May,1,21,1246.0
May,1,22,807.0
May,1,23,510.0
May,2,0,200.0
May,2,1,108.0
May,2,2,87.0
May,2,3,63.0
May,2,4,73.0
May,2,5,172.0
May,2,6,588.0
May,2,7,1502.0
May,2,8,2752.0
May,2,9,1932.0
May,2,10,1641.0
May,2,11,1914.0
May,2,12,2800.0
May,2,13,2894.0
May,2,14,2418.0
May,2,15,2600.0
May,2,16,2953.0
May,2,17,3872.0
May,2,18,3082.0
May,2,19,2138.0
May,2,20,1665.0
May,2,21,1357.0
May,2,22,1004.0
May,2,23,562.0
May,3,0,193.0
May,3,1,114.0
May,3,2,100.0
May,3,3,70.0
May,3,4,73.0
May,3,5,187.0
May,3,6,627.0
May,3,7,1492.0
May,3,8,2527.0
May,3,9,2083.0
May,3,10,1835.0
May,3,11,1972.0
May,3,12,2681.0
May,3,13,2888.0
May,3,14,2505.0
May,3,15,2643.0
May,3,16,3038.0
May,3,17,3942.0
May,3,18,3157.0
May,3,19,2111.0
May,3,20,1604.0
May,3,21,1410.0
May,3,22,986.0
May,3,23,586.0
May,4,0,259.0
May,4,1,159.0
May,4,2,113.0
May,4,3,83.0
May,4,4,54.0
May,4,5,184.0
May,4,6,590.0
May,4,7,1436.0
May,4,8,2441.0
May,4,9,2004.0
May,4,10,1739.0
May,4,11,1883.0
May,4,12,2836.0
May,4,13,3002.0
May,4,14,2420.0
May,4,15,2640.0
May,4,16,3246.0
May,4,17,3934.0
May,4,18,3281.0
May,4,19,2370.0
May,4,20,1950.0
May,4,21,1698.0
May,4,22,1335.0
May,4,23,940.0
May,5,0,521.0
May,5,1,297.0
May,5,2,259.0
May,5,3,201.0
May,5,4,174.0
May,5,5,152.0
May,5,6,444.0
May,5,7,1007.0
May,5,8,1889.0
May,5,9,1570.0
May,5,10,1568.0
May,5,11,1925.0
May,5,12,2443.0
May,5,13,2648.0
May,5,14,2590.0
May,5,15,2639.0
May,5,16,2881.0
May,5,17,3517.0
May,5,18,2858.0
May,5,19,2154.0
May,5,20,1856.0
May,5,21,1686.0
May,5,22,1469.0
May,5,23,1223.0
May,6,0,824.0
May,6,1,605.0
May,6,2,430.0
May,6,3,309.0
May,6,4,256.0
May,6,5,211.0
May,6,6,286.0
May,6,7,420.0
May,6,8,777.0
May,6,9,1119.0
May,6,10,1484.0
May,6,11,1810.0
May,6,12,2194.0
May,6,13,2345.0
May,6,14,2118.0
May,6,15,2345.0
May,6,16,2489.0
May,6,17,2527.0
May,6,18,2102.0
May,6,19,1708.0
May,6,20,1379.0
May,6,21,1158.0
May,6,22,983.0
May,6,23,778.0
May,7,0,466.0
May,7,1,310.0
May,7,2,212.0
May,7,3,198.0
May,7,4,164.0
May,7,5,170.0
May,7,6,420.0
May,7,7,1008.0
May,7,8,1776.0
May,7,9,1511.0
May,7,10,1584.0
May,7,11,1917.0
May,7,12,2351.0
May,7,13,2652.0
May,7,14,2297.0
May,7,15,2460.0
May,7,16,2751.0
May,7,17,3076.0
May,7,18,2376.0
May,7,19,1796.0
May,7,20,1359.0
May,7,21,1157.0
May,7,22,765.0
May,7,23,450.0
May,8,0,158.0
May,8,1,98.0
May,8,2,64.0
May,8,3,61.0
May,8,4,42.0
May,8,5,139.0
May,8,6,543.0
May,8,7,1420.0
May,8,8,2645.0
May,8,9,1889.0
May,8,10,1660.0
May,8,11,1794.0
May,8,12,2612.0
May,8,13,2847.0
May,8,14,2457.0
May,8,15,2550.0
May,8,16,3068.0
May,8,17,4048.0
May,8,18,3182.0
May,8,19,1973.0
May,8,20,1497.0
May,8,21,1238.0
May,8,22,834.0
May,8,23,525.0
May,9,0,165.0
May,9,1,77.0
May,9,2,76.0
May,9,3,46.0
May,9,4,44.0
May,9,5,165.0
May,9,6,622.0
May,9,7,1417.0
May,9,8,2612.0
May,9,9,2002.0
May,9,10,1687.0
May,9,11,2008.0
May,9,12,2772.0
May,9,13,2949.0
May,9,14,2454.0
May,9,15,2667.0
May,9,16,3012.0
May,9,17,3754.0
May,9,18,3037.0
May,9,19,2006.0
May,9,20,1539.0
May,9,21,1232.0
May,9,22,715.0
May,9,23,394.0
May,10,0,147.0
May,10,1,104.0
May,10,2,74.0
May,10,3,50.0
May,10,4,56.0
May,10,5,150.0
May,10,6,604.0
May,10,7,1457.0
May,10,8,2833.0
May,10,9,2012.0
May,10,10,1665.0
May,10,11,1810.0
May,10,12,2656.0
May,10,13,2757.0
May,10,14,2478.0
May,10,15,2606.0
May,10,16,3030.0
May,10,17,3852.0
May,10,18,2876.0
May,10,19,2028.0
May,10,20,1473.0
May,10,21,1267.0
May,10,22,994.0
May,10,23,592.0
May,11,0,211.0
May,11,1,110.0
May,11,2,73.0
May,11,3,80.0
May,11,4,62.0
May,11,5,159.0
May,11,6,522.0
May,11,7,1368.0
May,11,8,2518.0
May,11,9,1746.0
May,11,10,1568.0
May,11,11,1725.0
May,11,12,2280.0
May,11,13,2414.0
May,11,14,2171.0
May,11,15,2447.0
May,11,16,2853.0
May,11,17,3886.0
May,11,18,2926.0
May,11,19,2071.0
May,11,20,1664.0
May,11,21,1533.0
May,11,22,1271.0
May,11,23,838.0
May,12,0,434.0
May,12,1,343.0
May,12,2,202.0
May,12,3,180.0
May,12,4,116.0
May,12,5,154.0
May,12,6,416.0
May,12,7,923.0
May,12,8,1673.0
May,12,9,1577.0
May,12,10,1734.0
May,12,11,2154.0
May,12,12,2586.0
May,12,13,2743.0
May,12,14,2657.0
May,12,15,2800.0
May,12,16,2965.0
May,12,17,3305.0
May,12,18,2714.0
May,12,19,2094.0
May,12,20,1750.0
May,12,21,1564.0
May,12,22,1299.0
May,12,23,874.0
May,13,0,635.0
May,13,1,472.0
May,13,2,338.0
May,13,3,317.0
May,13,4,240.0
May,13,5,176.0
May,13,6,236.0
May,13,7,356.0
May,13,8,711.0
May,13,9,1082.0
May,13,10,1521.0
May,13,11,1826.0
May,13,12,2159.0
May,13,13,2356.0
May,13,14,2424.0
May,13,15,2546.0
May,13,16,2587.0
May,13,17,2470.0
May,13,18,2214.0
May,13,19,1693.0
May,13,20,1398.0
May,13,21,1193.0
May,13,22,1184.0
May,13,23,847.0
May,14,0,434.0
May,14,1,287.0
May,14,2,242.0
May,14,3,156.0
May,14,4,137.0
May,14,5,182.0
May,14,6,398.0
May,14,7,844.0
May,14,8,1578.0
May,14,9,1541.0
May,14,10,1524.0
May,14,11,1800.0
May,14,12,2288.0
May,14,13,2470.0
May,14,14,2402.0
May,14,15,2393.0
May,14,16,2794.0
May,14,17,3146.0
May,14,18,2430.0
May,14,19,1860.0
May,14,20,1422.0
May,14,21,1152.0
May,14,22,858.0
May,14,23,490.0
May,15,0,214.0
May,15,1,128.0
May,15,2,67.0
May,15,3,73.0
May,15,4,59.0
May,15,5,182.0
May,15,6,557.0
May,15,7,1452.0
May,15,8,2674.0
May,15,9,1746.0
May,15,10,1584.0
May,15,11,1647.0
May,15,12,2312.0
May,15,13,2531.0
May,15,14,2307.0
May,15,15,2590.0
May,15,16,3039.0
May,15,17,3979.0
May,15,18,3151.0
May,15,19,1992.0
May,15,20,1452.0
May,15,21,1295.0
May,15,22,844.0
May,15,23,597.0
May,16,0,210.0
May,16,1,108.0
May,16,2,78.0
May,16,3,58.0
May,16,4,60.0
May,16,5,163.0
May,16,6,546.0
May,16,7,1327.0
May,16,8,2654.0
May,16,9,1838.0
May,16,10,1528.0
May,16,11,1756.0
May,16,12,2622.0
May,16,13,2839.0
May,16,14,2441.0
May,16,15,2568.0
May,16,16,3113.0
May,16,17,3939.0
May,16,18,3029.0
May,16,19,1984.0
May,16,20,1591.0
May,16,21,1321.0
May,16,22,957.0
May,16,23,592.0
May,17,0,220.0
May,17,1,99.0
May,17,2,95.0
May,17,3,49.0
May,17,4,58.0
May,17,5,127.0
May,17,6,522.0
May,17,7,1354.0
May,17,8,2600.0
May,17,9,1830.0
May,17,10,1575.0
May,17,11,1780.0
May,17,12,2549.0
May,17,13,2735.0
May,17,14,2404.0
May,17,15,2526.0
May,17,16,2931.0
May,17,17,3835.0
May,17,18,2911.0
May,17,19,1878.0
May,17,20,1600.0
May,17,21,1287.0
May,17,22,1002.0
May,17,23,626.0
May,18,0,236.0
May,18,1,167.0
May,18,2,79.0
May,18,3,93.0
May,18,4,56.0
May,18,5,163.0
May,18,6,549.0
May,18,7,1270.0
May,18,8,2576.0
May,18,9,1819.0
May,18,10,1639.0
May,18,11,1884.0
May,18,12,2624.0
May,18,13,2802.0
May,18,14,2554.0
May,18,15,2704.0
May,18,16,3097.0
May,18,17,3797.0
May,18,18,3091.0
May,18,19,2242.0
May,18,20,1790.0
May,18,21,1641.0
May,18,22,1408.0
May,18,23,1018.0
May,19,0,580.0
May,19,1,327.0
May,19,2,233.0
May,19,3,137.0
May,19,4,101.0
May,19,5,145.0
May,19,6,377.0
May,19,7,834.0
May,19,8,1466.0
May,19,9,1238.0
May,19,10,1182.0
May,19,11,1428.0
May,19,12,1904.0
May,19,13,2075.0
May,19,14,2157.0
May,19,15,2182.0
May,19,16,2368.0
May,19,17,2977.0
May,19,18,2532.0
May,19,19,2075.0
May,19,20,1744.0
May,19,21,1570.0
May,19,22,1315.0
May,19,23,1026.0
May,20,0,744.0
May,20,1,562.0
May,20,2,415.0
May,20,3,284.0
May,20,4,252.0
May,20,5,192.0
May,20,6,226.0
May,20,7,384.0
May,20,8,669.0
May,20,9,1000.0
May,20,10,1145.0
May,20,11,1461.0
May,20,12,1706.0
May,20,13,1774.0
May,20,14,2026.0
May,20,15,2042.0
May,20,16,2182.0
May,20,17,2063.0
May,20,18,1782.0
May,20,19,1478.0
May,20,20,1366.0
May,20,21,1170.0
May,20,22,1117.0
May,20,23,782.0
May,21,0,491.0
May,21,1,366.0
May,21,2,307.0
May,21,3,237.0
May,21,4,168.0
May,21,5,182.0
May,21,6,393.0
May,21,7,806.0
May,21,8,1566.0
May,21,9,1362.0
May,21,10,1386.0
May,21,11,1720.0
May,21,12,2174.0
May,21,13,2398.0
May,21,14,2180.0
May,21,15,2356.0
May,21,16,2719.0
May,21,17,3208.0
May,21,18,2508.0
May,21,19,1850.0
May,21,20,1266.0
May,21,21,1099.0
May,21,22,718.0
May,21,23,463.0
May,22,0,141.0
May,22,1,81.0
May,22,2,71.0
May,22,3,60.0
May,22,4,50.0
May,22,5,133.0
May,22,6,551.0
May,22,7,1349.0
May,22,8,2569.0
May,22,9,1858.0
May,22,10,1585.0
May,22,11,1708.0
May,22,12,2633.0
May,22,13,2804.0
May,22,14,2339.0
May,22,15,2473.0
May,22,16,3027.0
May,22,17,3866.0
May,22,18,2814.0
May,22,19,1880.0
May,22,20,1488.0
May,22,21,1152.0
May,22,22,830.0
May,22,23,522.0
May,23,0,190.0
May,23,1,101.0
May,23,2,61.0
May,23,3,67.0
May,23,4,53.0
May,23,5,147.0
May,23,6,542.0
May,23,7,1287.0
May,23,8,2610.0
May,23,9,1707.0
May,23,10,1517.0
May,23,11,1697.0
May,23,12,2473.0
May,23,13,2758.0
May,23,14,2367.0
May,23,15,2599.0
May,23,16,3052.0
May,23,17,3899.0
May,23,18,3113.0
May,23,19,1957.0
May,23,20,1509.0
May,23,21,1252.0
May,23,22,929.0
May,23,23,553.0
May,24,0,178.0
May,24,1,72.0
May,24,2,70.0
May,24,3,72.0
May,24,4,50.0
May,24,5,162.0
May,24,6,581.0
May,24,7,1353.0
May,24,8,2705.0
May,24,9,1844.0
May,24,10,1617.0
May,24,11,1828.0
May,24,12,2493.0
May,24,13,2801.0
May,24,14,2393.0
May,24,15,2513.0
May,24,16,2854.0
May,24,17,3798.0
May,24,18,3004.0
May,24,19,2020.0
May,24,20,1504.0
May,24,21,1268.0
May,24,22,927.0
May,24,23,599.0
May,25,0,205.0
May,25,1,107.0
May,25,2,113.0
May,25,3,75.0
May,25,4,89.0
May,25,5,186.0
May,25,6,558.0
May,25,7,1377.0
May,25,8,2527.0
May,25,9,1828.0
May,25,10,1768.0
May,25,11,1836.0
May,25,12,2620.0
May,25,13,2812.0
May,25,14,2592.0
May,25,15,2780.0
May,25,16,3225.0
May,25,17,3891.0
May,25,18,3097.0
May,25,19,2194.0
May,25,20,1816.0
May,25,21,1662.0
May,25,22,1288.0
May,25,23,940.0
May,26,0,451.0
May,26,1,360.0
May,26,2,251.0
May,26,3,203.0
May,26,4,136.0
May,26,5,162.0
May,26,6,378.0
May,26,7,780.0
May,26,8,1515.0
May,26,9,1276.0
May,26,10,1436.0
May,26,11,1923.0
May,26,12,2296.0
May,26,13,2638.0
May,26,14,2418.0
May,26,15,2523.0
May,26,16,2829.0
May,26,17,3158.0
May,26,18,2697.0
May,26,19,2121.0
May,26,20,1788.0
May,26,21,1626.0
May,26,22,1340.0
May,26,23,1082.0
May,27,0,713.0
May,27,1,575.0
May,27,2,388.0
May,27,3,349.0
May,27,4,261.0
May,27,5,211.0
May,27,6,257.0
May,27,7,429.0
May,27,8,687.0
May,27,9,1077.0
May,27,10,1415.0
May,27,11,1676.0
May,27,12,1866.0
May,27,13,2187.0
May,27,14,2119.0
May,27,15,2415.0
May,27,16,2332.0
May,27,17,2340.0
May,27,18,2001.0
May,27,19,1584.0
May,27,20,1370.0
May,27,21,1146.0
May,27,22,1051.0
May,27,23,802.0
May,28,0,473.0
May,28,1,346.0
May,28,2,277.0
May,28,3,210.0
May,28,4,160.0
May,28,5,178.0
May,28,6,399.0
May,28,7,820.0
May,28,8,1528.0
May,28,9,1344.0
May,28,10,1322.0
May,28,11,1624.0
May,28,12,2333.0
May,28,13,2430.0
May,28,14,1976.0
May,28,15,2216.0
May,28,16,2679.0
May,28,17,2984.0
May,28,18,2307.0
May,28,19,1634.0
May,28,20,1314.0
May,28,21,1065.0
May,28,22,801.0
May,28,23,469.0
May,29,0,182.0
May,29,1,70.0
May,29,2,76.0
May,29,3,60.0
May,29,4,58.0
May,29,5,154.0
May,29,6,558.0
May,29,7,1432.0
May,29,8,2497.0
May,29,9,1913.0
May,29,10,1675.0
May,29,11,1743.0
May,29,12,2562.0
May,29,13,2786.0
May,29,14,2330.0
May,29,15,2495.0
May,29,16,2987.0
May,29,17,3919.0
May,29,18,2943.0
May,29,19,1933.0
May,29,20,1442.0
May,29,21,1243.0
May,29,22,813.0
May,29,23,538.0
May,30,0,184.0
May,30,1,75.0
May,30,2,67.0
May,30,3,48.0
May,30,4,62.0
May,30,5,154.0
May,30,6,562.0
May,30,7,1455.0
May,30,8,2692.0
May,30,9,1826.0
May,30,10,1533.0
May,30,11,1734.0
May,30,12,2453.0
May,30,13,2607.0
May,30,14,2294.0
May,30,15,2523.0
May,30,16,2951.0
May,30,17,3698.0
May,30,18,2768.0
May,30,19,1806.0
May,30,20,1338.0
May,30,21,1082.0
May,30,22,890.0
May,30,23,519.0
May,31,0,238.0
May,31,1,92.0
May,31,2,60.0
May,31,3,54.0
May,31,4,58.0
May,31,5,134.0
May,31,6,565.0
May,31,7,1338.0
May,31,8,2610.0
May,31,9,1939.0
May,31,10,1676.0
May,31,11,1967.0
May,31,12,2553.0
May,31,13,2789.0
May,31,14,2333.0
May,31,15,2649.0
May,31,16,3031.0
May,31,17,3878.0
May,31,18,2950.0
May,31,19,2083.0
May,31,20,1640.0
May,31,21,1494.0
May,31,22,1168.0
May,31,23,655.0
June,1,0,250.0
June,1,1,103.0
June,1,2,81.0
June,1,3,103.0
June,1,4,79.0
June,1,5,141.0
June,1,6,589.0
June,1,7,1313.0
June,1,8,2567.0
June,1,9,1756.0
June,1,10,1592.0
June,1,11,1842.0
June,1,12,2448.0
June,1,13,2758.0
June,1,14,2400.0
June,1,15,2564.0
June,1,16,2966.0
June,1,17,3777.0
June,1,18,2893.0
June,1,19,2035.0
June,1,20,1702.0
June,1,21,1530.0
June,1,22,1167.0
June,1,23,857.0
June,2,0,415.0
June,2,1,284.0
June,2,2,219.0
June,2,3,147.0
June,2,4,101.0
June,2,5,133.0
June,2,6,378.0
June,2,7,886.0
June,2,8,1676.0
June,2,9,1446.0
June,2,10,1449.0
June,2,11,1831.0
June,2,12,2379.0
June,2,13,2616.0
June,2,14,2505.0
June,2,15,2721.0
June,2,16,2990.0
June,2,17,3295.0
June,2,18,2618.0
June,2,19,1996.0
June,2,20,1560.0
June,2,21,1460.0
June,2,22,1422.0
June,2,23,1049.0
June,3,0,580.0
June,3,1,467.0
June,3,2,310.0
June,3,3,305.0
June,3,4,168.0
June,3,5,154.0
June,3,6,238.0
June,3,7,327.0
June,3,8,655.0
June,3,9,1061.0
June,3,10,1336.0
June,3,11,1754.0
June,3,12,1929.0
June,3,13,2200.0
June,3,14,2394.0
June,3,15,2294.0
June,3,16,2420.0
June,3,17,2454.0
June,3,18,2040.0
June,3,19,1687.0
June,3,20,1440.0
June,3,21,1045.0
June,3,22,927.0
June,3,23,638.0
June,4,0,460.0
June,4,1,296.0
June,4,2,194.0
June,4,3,180.0
June,4,4,166.0
June,4,5,164.0
June,4,6,444.0
June,4,7,857.0
June,4,8,1558.0
June,4,9,1443.0
June,4,10,1375.0
June,4,11,1628.0
June,4,12,2232.0
June,4,13,2484.0
June,4,14,2440.0
June,4,15,2391.0
June,4,16,2709.0
June,4,17,3109.0
June,4,18,2374.0
June,4,19,1667.0
June,4,20,1198.0
June,4,21,1016.0
June,4,22,661.0
June,4,23,403.0
June,5,0,135.0
June,5,1,126.0
June,5,2,54.0
June,5,3,56.0
June,5,4,51.0
June,5,5,138.0
June,5,6,572.0
June,5,7,1349.0
June,5,8,2630.0
June,5,9,1776.0
June,5,10,1675.0
June,5,11,1758.0
June,5,12,2644.0
June,5,13,2715.0
June,5,14,2389.0
June,5,15,2586.0
June,5,16,2972.0
June,5,17,3718.0
June,5,18,2776.0
June,5,19,1937.0
June,5,20,1547.0
June,5,21,1254.0
June,5,22,845.0
June,5,23,546.0
June,6,0,182.0
June,6,1,104.0
June,6,2,48.0
June,6,3,42.0
June,6,4,36.0
June,6,5,160.0
June,6,6,554.0
June,6,7,1452.0
June,6,8,2568.0
June,6,9,1820.0
June,6,10,1574.0
June,6,11,1922.0
June,6,12,2754.0
June,6,13,2908.0
June,6,14,2389.0
June,6,15,2581.0
June,6,16,3183.0
June,6,17,4046.0
June,6,18,3029.0
June,6,19,2068.0
June,6,20,1499.0
June,6,21,1215.0
June,6,22,1243.0
June,6,23,915.0
June,7,0,306.0
June,7,1,145.0
June,7,2,113.0
June,7,3,87.0
June,7,4,75.0
June,7,5,133.0
June,7,6,590.0
June,7,7,1522.0
June,7,8,2709.0
June,7,9,1887.0
June,7,10,1639.0
June,7,11,1959.0
June,7,12,2600.0
June,7,13,2809.0
June,7,14,2393.0
June,7,15,2561.0
June,7,16,2858.0
June,7,17,3829.0
June,7,18,3014.0
June,7,19,2160.0
June,7,20,1613.0
June,7,21,1373.0
June,7,22,1114.0
June,7,23,664.0
June,8,0,277.0
June,8,1,161.0
June,8,2,109.0
June,8,3,87.0
June,8,4,83.0
June,8,5,128.0
June,8,6,574.0
June,8,7,1299.0
June,8,8,2568.0
June,8,9,1760.0
June,8,10,1628.0
June,8,11,1780.0
June,8,12,2362.0
June,8,13,2584.0
June,8,14,2410.0
June,8,15,2439.0
June,8,16,2958.0
June,8,17,3734.0
June,8,18,3020.0
June,8,19,2115.0
June,8,20,1720.0
June,8,21,1495.0
June,8,22,1289.0
June,8,23,870.0
June,9,0,434.0
June,9,1,347.0
June,9,2,244.0
June,9,3,214.0
June,9,4,114.0
June,9,5,149.0
June,9,6,313.0
June,9,7,711.0
June,9,8,1540.0
June,9,9,1541.0
June,9,10,1645.0
June,9,11,2059.0
June,9,12,2624.0
June,9,13,2905.0
June,9,14,2893.0
June,9,15,3068.0
June,9,16,3276.0
June,9,17,3648.0
June,9,18,2997.0
June,9,19,2339.0
June,9,20,1784.0
June,9,21,1497.0
June,9,22,1642.0
June,9,23,1404.0
June,10,0,831.0
June,10,1,565.0
June,10,2,401.0
June,10,3,325.0
June,10,4,294.0
June,10,5,206.0
June,10,6,241.0
June,10,7,332.0
June,10,8,700.0
June,10,9,1177.0
June,10,10,1624.0
June,10,11,2048.0
June,10,12,2317.0
June,10,13,2487.0
June,10,14,2795.0
June,10,15,2850.0
June,10,16,2883.0
June,10,17,2842.0
June,10,18,2316.0
June,10,19,2033.0
June,10,20,1582.0
June,10,21,1425.0
June,10,22,1293.0
June,10,23,972.0
June,11,0,536.0
June,11,1,342.0
June,11,2,276.0
June,11,3,286.0
June,11,4,216.0
June,11,5,170.0
June,11,6,226.0
June,11,7,373.0
June,11,8,607.0
June,11,9,939.0
June,11,10,1473.0
June,11,11,1956.0
June,11,12,2185.0
June,11,13,2466.0
June,11,14,2566.0
June,11,15,2487.0
June,11,16,2537.0
June,11,17,2415.0
June,11,18,2101.0
June,11,19,1699.0
June,11,20,1337.0
June,11,21,1064.0
June,11,22,915.0
June,11,23,639.0
June,12,0,264.0
June,12,1,258.0
June,12,2,139.0
June,12,3,123.0
June,12,4,80.0
June,12,5,131.0
June,12,6,414.0
June,12,7,867.0
June,12,8,1508.0
June,12,9,1371.0
June,12,10,1436.0
June,12,11,1826.0
June,12,12,2250.0
June,12,13,2453.0
June,12,14,2144.0
June,12,15,2370.0
June,12,16,2716.0
June,12,17,2933.0
June,12,18,2309.0
June,12,19,1748.0
June,12,20,1302.0
June,12,21,1040.0
June,12,22,758.0
June,12,23,526.0
June,13,0,162.0
June,13,1,75.0
June,13,2,65.0
June,13,3,63.0
June,13,4,48.0
June,13,5,168.0
June,13,6,529.0
June,13,7,1330.0
June,13,8,2571.0
June,13,9,1796.0
June,13,10,1560.0
June,13,11,1802.0
June,13,12,2543.0
June,13,13,2843.0
June,13,14,2346.0
June,13,15,2543.0
June,13,16,2926.0
June,13,17,3726.0
June,13,18,2838.0
June,13,19,1896.0
June,13,20,1441.0
June,13,21,1164.0
June,13,22,1117.0
June,13,23,598.0
June,14,0,180.0
June,14,1,113.0
June,14,2,158.0
June,14,3,111.0
June,14,4,53.0
June,14,5,158.0
June,14,6,612.0
June,14,7,1344.0
June,14,8,2612.0
June,14,9,1846.0
June,14,10,1661.0
June,14,11,1884.0
June,14,12,2536.0
June,14,13,2674.0
June,14,14,2421.0
June,14,15,2491.0
June,14,16,2960.0
June,14,17,3916.0
June,14,18,2970.0
June,14,19,2044.0
June,14,20,1542.0
June,14,21,1290.0
June,14,22,944.0
June,14,23,546.0
June,15,0,244.0
June,15,1,127.0
June,15,2,65.0
June,15,3,102.0
June,15,4,90.0
June,15,5,148.0
June,15,6,557.0
June,15,7,1281.0
June,15,8,2447.0
June,15,9,1754.0
June,15,10,1641.0
June,15,11,1753.0
June,15,12,2591.0
June,15,13,2635.0
June,15,14,2387.0
June,15,15,2570.0
June,15,16,3024.0
June,15,17,3827.0
June,15,18,2870.0
June,15,19,2008.0
June,15,20,1666.0
June,15,21,1566.0
June,15,22,1216.0
June,15,23,788.0
June,16,0,482.0
June,16,1,321.0
June,16,2,238.0
June,16,3,196.0
June,16,4,155.0
June,16,5,181.0
June,16,6,392.0
June,16,7,805.0
June,16,8,1592.0
June,16,9,1462.0
June,16,10,1580.0
June,16,11,1806.0
June,16,12,2291.0
June,16,13,2561.0
June,16,14,2426.0
June,16,15,2711.0
June,16,16,2858.0
June,16,17,3264.0
June,16,18,2601.0
June,16,19,2013.0
June,16,20,1498.0
June,16,21,1446.0
June,16,22,1414.0
June,16,23,1030.0
June,17,0,673.0
June,17,1,530.0
June,17,2,311.0
June,17,3,309.0
June,17,4,190.0
June,17,5,159.0
June,17,6,198.0
June,17,7,316.0
June,17,8,592.0
June,17,9,901.0
June,17,10,1210.0
June,17,11,1490.0
June,17,12,1778.0
June,17,13,1832.0
June,17,14,2020.0
June,17,15,2059.0
June,17,16,2305.0
June,17,17,2188.0
June,17,18,1993.0
June,17,19,1597.0
June,17,20,1377.0
June,17,21,1101.0
June,17,22,855.0
June,17,23,674.0
June,18,0,376.0
June,18,1,316.0
June,18,2,198.0
June,18,3,152.0
June,18,4,129.0
June,18,5,166.0
June,18,6,362.0
June,18,7,770.0
June,18,8,1574.0
June,18,9,1216.0
June,18,10,1275.0
June,18,11,1578.0
June,18,12,2118.0
June,18,13,2346.0
June,18,14,2229.0
June,18,15,2396.0
June,18,16,2642.0
June,18,17,3040.0
June,18,18,2441.0
June,18,19,1758.0
June,18,20,1330.0
June,18,21,1074.0
June,18,22,774.0
June,18,23,446.0
June,19,0,180.0
June,19,1,91.0
June,19,2,79.0
June,19,3,53.0
June,19,4,53.0
June,19,5,163.0
June,19,6,541.0
June,19,7,1382.0
June,19,8,2658.0
June,19,9,1759.0
June,19,10,1578.0
June,19,11,1780.0
June,19,12,2449.0
June,19,13,2862.0
June,19,14,2332.0
June,19,15,2639.0
June,19,16,2958.0
June,19,17,3978.0
June,19,18,2860.0
June,19,19,1927.0
June,19,20,1494.0
June,19,21,1258.0
June,19,22,814.0
June,19,23,535.0
June,20,0,220.0
June,20,1,107.0
June,20,2,72.0
June,20,3,68.0
June,20,4,57.0
June,20,5,194.0
June,20,6,572.0
June,20,7,1413.0
June,20,8,2672.0
June,20,9,1846.0
June,20,10,1553.0
June,20,11,1753.0
June,20,12,2816.0
June,20,13,2765.0
June,20,14,2382.0
June,20,15,2634.0
June,20,16,3077.0
June,20,17,3907.0
June,20,18,3092.0
June,20,19,2079.0
June,20,20,1596.0
June,20,21,1396.0
June,20,22,1022.0
June,20,23,586.0
June,21,0,224.0
June,21,1,121.0
June,21,2,97.0
June,21,3,82.0
June,21,4,55.0
June,21,5,144.0
June,21,6,560.0
June,21,7,1305.0
June,21,8,2575.0
June,21,9,1728.0
June,21,10,1551.0
June,21,11,1768.0
June,21,12,2635.0
June,21,13,2738.0
June,21,14,2435.0
June,21,15,2528.0
June,21,16,2991.0
June,21,17,3804.0
June,21,18,3102.0
June,21,19,2137.0
June,21,20,1653.0
June,21,21,1426.0
June,21,22,1049.0
June,21,23,627.0
June,22,0,341.0
June,22,1,141.0
June,22,2,145.0
June,22,3,91.0
June,22,4,90.0
June,22,5,174.0
June,22,6,554.0
June,22,7,1301.0
June,22,8,2544.0
June,22,9,1845.0
June,22,10,1559.0
June,22,11,1804.0
June,22,12,2630.0
June,22,13,2765.0
June,22,14,2434.0
June,22,15,2631.0
June,22,16,3011.0
June,22,17,3939.0
June,22,18,3056.0
June,22,19,2040.0
June,22,20,1772.0
June,22,21,1584.0
June,22,22,1239.0
June,22,23,846.0
June,23,0,495.0
June,23,1,303.0
June,23,2,231.0
June,23,3,190.0
June,23,4,142.0
June,23,5,188.0
June,23,6,416.0
June,23,7,885.0
June,23,8,1622.0
June,23,9,1452.0
June,23,10,1502.0
June,23,11,1798.0
June,23,12,2222.0
June,23,13,2513.0
June,23,14,2420.0
June,23,15,2679.0
June,23,16,2848.0
June,23,17,3029.0
June,23,18,2446.0
June,23,19,1978.0
June,23,20,1578.0
June,23,21,1525.0
June,23,22,1292.0
June,23,23,902.0
June,24,0,661.0
June,24,1,514.0
June,24,2,352.0
June,24,3,315.0
June,24,4,234.0
June,24,5,178.0
June,24,6,198.0
June,24,7,334.0
June,24,8,537.0
June,24,9,968.0
June,24,10,1291.0
June,24,11,1671.0
June,24,12,2074.0
June,24,13,2140.0
June,24,14,2323.0
June,24,15,2323.0
June,24,16,2469.0
June,24,17,2241.0
June,24,18,1970.0
June,24,19,1634.0
June,24,20,1338.0
June,24,21,1115.0
June,24,22,984.0
June,24,23,704.0
June,25,0,366.0
June,25,1,256.0
June,25,2,209.0
June,25,3,206.0
June,25,4,172.0
June,25,5,204.0
June,25,6,360.0
June,25,7,774.0
June,25,8,1610.0
June,25,9,1367.0
June,25,10,1430.0
June,25,11,1728.0
June,25,12,2178.0
June,25,13,2396.0
June,25,14,2462.0
June,25,15,2400.0
June,25,16,2593.0
June,25,17,2992.0
June,25,18,2425.0
June,25,19,1710.0
June,25,20,1211.0
June,25,21,944.0
June,25,22,638.0
June,25,23,443.0
June,26,0,147.0
June,26,1,81.0
June,26,2,72.0
June,26,3,60.0
June,26,4,50.0
June,26,5,137.0
June,26,6,516.0
June,26,7,1336.0
June,26,8,2716.0
June,26,9,1778.0
June,26,10,1542.0
June,26,11,1842.0
June,26,12,2590.0
June,26,13,2893.0
June,26,14,2434.0
June,26,15,2563.0
June,26,16,3128.0
June,26,17,4121.0
June,26,18,2988.0
June,26,19,2048.0
June,26,20,1473.0
June,26,21,1172.0
June,26,22,873.0
June,26,23,539.0
June,27,0,208.0
June,27,1,85.0
June,27,2,103.0
June,27,3,50.0
June,27,4,65.0
June,27,5,143.0
June,27,6,566.0
June,27,7,1376.0
June,27,8,2582.0
June,27,9,1861.0
June,27,10,1588.0
June,27,11,1884.0
June,27,12,2550.0
June,27,13,2730.0
June,27,14,2422.0
June,27,15,2564.0
June,27,16,2898.0
June,27,17,3995.0
June,27,18,3030.0
June,27,19,2058.0
June,27,20,1537.0
June,27,21,1293.0
June,27,22,934.0
June,27,23,537.0
June,28,0,172.0
June,28,1,84.0
June,28,2,81.0
June,28,3,57.0
June,28,4,42.0
June,28,5,129.0
June,28,6,511.0
June,28,7,1243.0
June,28,8,2586.0
June,28,9,1766.0
June,28,10,1500.0
June,28,11,1790.0
June,28,12,2644.0
June,28,13,2864.0
June,28,14,2521.0
June,28,15,2650.0
June,28,16,2988.0
June,28,17,3852.0
June,28,18,3016.0
June,28,19,2058.0
June,28,20,1620.0
June,28,21,1384.0
June,28,22,1090.0
June,28,23,657.0
June,29,0,282.0
June,29,1,174.0
June,29,2,118.0
June,29,3,81.0
June,29,4,101.0
June,29,5,139.0
June,29,6,534.0
June,29,7,1322.0
June,29,8,2444.0
June,29,9,1875.0
June,29,10,1631.0
June,29,11,1973.0
June,29,12,2369.0
June,29,13,2734.0
June,29,14,2468.0
June,29,15,2748.0
June,29,16,3191.0
June,29,17,3953.0
June,29,18,2894.0
June,29,19,2314.0
June,29,20,1997.0
June,29,21,1808.0
June,29,22,1485.0
June,29,23,1242.0
June,30,0,705.0
June,30,1,444.0
June,30,2,234.0
June,30,3,210.0
June,30,4,145.0
June,30,5,130.0
June,30,6,206.0
June,30,7,308.0
June,30,8,700.0
June,30,9,1019.0
June,30,10,1398.0
June,30,11,1675.0
June,30,12,1969.0
June,30,13,2161.0
June,30,14,2201.0
June,30,15,2394.0
June,30,16,2634.0
June,30,17,2531.0
June,30,18,2157.0
June,30,19,2039.0
June,30,20,1740.0
June,30,21,1573.0
June,30,22,1299.0
June,30,23,1011.0
