Month,Mdate,Time,hourly_counts
April,1,0,976.0
April,1,1,864.0
April,1,2,129.0
April,1,3,230.0
April,1,4,108.0
April,1,5,94.0
April,1,6,139.0
April,1,7,173.0
April,1,8,377.0
April,1,9,793.0
April,1,10,1358.0
April,1,11,2031.0
April,1,12,2592.0
April,1,13,2896.0
April,1,14,3247.0
April,1,15,2896.0
April,1,16,2839.0
April,1,17,2722.0
April,1,18,2393.0
April,1,19,2312.0
April,1,20,2341.0
April,1,21,1673.0
April,1,22,1460.0
April,1,23,785.0
April,2,0,458.0
April,2,1,506.0
April,2,2,282.0
April,2,3,197.0
April,2,4,223.0
April,2,5,80.0
April,2,6,103.0
April,2,7,172.0
April,2,8,344.0
April,2,9,721.0
April,2,10,1419.0
April,2,11,1977.0
April,2,12,2837.0
April,2,13,3301.0
April,2,14,3291.0
April,2,15,2962.0
April,2,16,2709.0
April,2,17,2502.0
April,2,18,2427.0
April,2,19,1674.0
April,2,20,1252.0
April,2,21,831.0
April,2,22,522.0
April,2,23,340.0
April,3,0,142.0
April,3,1,65.0
April,3,2,34.0
April,3,3,44.0
April,3,4,29.0
April,3,5,76.0
April,3,6,173.0
April,3,7,446.0
April,3,8,1019.0
April,3,9,1217.0
April,3,10,1719.0
April,3,11,2301.0
April,3,12,3676.0
April,3,13,3986.0
April,3,14,3676.0
April,3,15,3394.0
April,3,16,3343.0
April,3,17,3411.0
April,3,18,2978.0
April,3,19,2013.0
April,3,20,1668.0
April,3,21,1634.0
April,3,22,795.0
April,3,23,590.0
April,4,0,254.0
April,4,1,78.0
April,4,2,77.0
April,4,3,29.0
April,4,4,36.0
April,4,5,72.0
April,4,6,208.0
April,4,7,579.0
April,4,8,1139.0
April,4,9,1175.0
April,4,10,1445.0
April,4,11,2132.0
April,4,12,3676.0
April,4,13,4213.0
April,4,14,3610.0
April,4,15,3582.0
April,4,16,3220.0
April,4,17,3586.0
April,4,18,3061.0
April,4,19,2026.0
April,4,20,1776.0
April,4,21,1583.0
April,4,22,921.0
April,4,23,660.0
April,5,0,285.0
April,5,1,286.0
April,5,2,89.0
April,5,3,67.0
April,5,4,59.0
April,5,5,65.0
April,5,6,193.0
April,5,7,463.0
April,5,8,1097.0
April,5,9,1173.0
April,5,10,1788.0
April,5,11,2524.0
April,5,12,3619.0
April,5,13,4123.0
April,5,14,3762.0
April,5,15,3501.0
April,5,16,3510.0
April,5,17,3831.0
April,5,18,3207.0
April,5,19,2234.0
April,5,20,1945.0
April,5,21,1969.0
April,5,22,1169.0
April,5,23,857.0
April,6,0,471.0
April,6,1,292.0
April,6,2,121.0
April,6,3,119.0
April,6,4,63.0
April,6,5,78.0
April,6,6,201.0
April,6,7,537.0
April,6,8,1041.0
April,6,9,1263.0
April,6,10,1497.0
April,6,11,2144.0
April,6,12,3765.0
April,6,13,4221.0
April,6,14,3842.0
April,6,15,3769.0
April,6,16,3879.0
April,6,17,4427.0
April,6,18,3891.0
April,6,19,2780.0
April,6,20,2540.0
April,6,21,2448.0
April,6,22,1693.0
April,6,23,1408.0
April,7,0,978.0
April,7,1,550.0
April,7,2,453.0
April,7,3,407.0
April,7,4,196.0
April,7,5,72.0
April,7,6,130.0
April,7,7,209.0
April,7,8,476.0
April,7,9,946.0
April,7,10,1194.0
April,7,11,1771.0
April,7,12,2782.0
April,7,13,3524.0
April,7,14,3964.0
April,7,15,3729.0
April,7,16,3667.0
April,7,17,3258.0
April,7,18,2880.0
April,7,19,2292.0
April,7,20,2272.0
April,7,21,2294.0
April,7,22,1516.0
April,7,23,1522.0
April,8,0,909.0
April,8,1,852.0
April,8,2,569.0
April,8,3,346.0
April,8,4,259.0
April,8,5,147.0
April,8,6,186.0
April,8,7,221.0
April,8,8,341.0
April,8,9,721.0
April,8,10,1299.0
April,8,11,1877.0
April,8,12,2371.0
April,8,13,2820.0
April,8,14,2814.0
April,8,15,2781.0
April,8,16,2854.0
April,8,17,2503.0
April,8,18,2170.0
April,8,19,1919.0
April,8,20,1913.0
April,8,21,1240.0
April,8,22,936.0
April,8,23,478.0
April,9,0,554.0
April,9,1,368.0
April,9,2,213.0
April,9,3,235.0
April,9,4,140.0
April,9,5,119.0
April,9,6,219.0
April,9,7,496.0
April,9,8,1132.0
April,9,9,1188.0
April,9,10,1710.0
April,9,11,2372.0
April,9,12,3822.0
April,9,13,4006.0
April,9,14,3460.0
April,9,15,3294.0
April,9,16,3161.0
April,9,17,3397.0
April,9,18,2709.0
April,9,19,1881.0
April,9,20,1808.0
April,9,21,954.0
April,9,22,724.0
April,9,23,380.0
April,10,0,124.0
April,10,1,61.0
April,10,2,37.0
April,10,3,24.0
April,10,4,30.0
April,10,5,63.0
April,10,6,193.0
April,10,7,548.0
April,10,8,1216.0
April,10,9,1305.0
April,10,10,1821.0
April,10,11,2462.0
April,10,12,3915.0
April,10,13,4173.0
April,10,14,3727.0
April,10,15,4301.0
April,10,16,4472.0
April,10,17,3959.0
April,10,18,3430.0
April,10,19,2477.0
April,10,20,2408.0
April,10,21,1915.0
April,10,22,891.0
April,10,23,841.0
April,11,0,255.0
April,11,1,164.0
April,11,2,39.0
April,11,3,85.0
April,11,4,29.0
April,11,5,72.0
April,11,6,220.0
April,11,7,554.0
April,11,8,1224.0
April,11,9,1350.0
April,11,10,1800.0
April,11,11,2493.0
April,11,12,3810.0
April,11,13,4206.0
April,11,14,3773.0
April,11,15,3619.0
April,11,16,3477.0
April,11,17,3771.0
April,11,18,3319.0
April,11,19,2089.0
April,11,20,1888.0
April,11,21,1949.0
April,11,22,1126.0
April,11,23,853.0
April,12,0,292.0
April,12,1,376.0
April,12,2,203.0
April,12,3,60.0
April,12,4,86.0
April,12,5,76.0
April,12,6,194.0
April,12,7,541.0
April,12,8,1207.0
April,12,9,1316.0
April,12,10,1901.0
April,12,11,2693.0
April,12,12,3759.0
April,12,13,4179.0
April,12,14,3697.0
April,12,15,3553.0
April,12,16,3316.0
April,12,17,3875.0
April,12,18,3470.0
April,12,19,2319.0
April,12,20,1999.0
April,12,21,2038.0
April,12,22,1144.0
April,12,23,995.0
April,13,0,371.0
April,13,1,318.0
April,13,2,120.0
April,13,3,68.0
April,13,4,79.0
April,13,5,86.0
April,13,6,209.0
April,13,7,511.0
April,13,8,1175.0
April,13,9,1333.0
April,13,10,1800.0
April,13,11,2620.0
April,13,12,4073.0
April,13,13,4488.0
April,13,14,3874.0
April,13,15,3572.0
April,13,16,3746.0
April,13,17,4278.0
April,13,18,3997.0
April,13,19,2948.0
April,13,20,2830.0
April,13,21,2672.0
April,13,22,1854.0
April,13,23,1577.0
April,14,0,1029.0
April,14,1,794.0
April,14,2,626.0
April,14,3,586.0
April,14,4,261.0
April,14,5,396.0
April,14,6,158.0
April,14,7,168.0
April,14,8,407.0
April,14,9,850.0
April,14,10,1442.0
April,14,11,1767.0
April,14,12,2163.0
April,14,13,2025.0
April,14,14,2487.0
April,14,15,2776.0
April,14,16,2803.0
April,14,17,2792.0
April,14,18,2399.0
April,14,19,2067.0
April,14,20,2039.0
April,14,21,2210.0
April,14,22,1449.0
April,14,23,1447.0
April,15,0,830.0
April,15,1,784.0
April,15,2,464.0
April,15,3,458.0
April,15,4,226.0
April,15,5,123.0
April,15,6,167.0
April,15,7,197.0
April,15,8,329.0
April,15,9,660.0
April,15,10,1061.0
April,15,11,1712.0
April,15,12,2502.0
April,15,13,2583.0
April,15,14,2850.0
April,15,15,2840.0
April,15,16,2770.0
April,15,17,2468.0
April,15,18,1911.0
April,15,19,1926.0
April,15,20,1782.0
April,15,21,1085.0
April,15,22,799.0
April,15,23,396.0
April,16,0,337.0
April,16,1,524.0
April,16,2,202.0
April,16,3,347.0
April,16,4,132.0
April,16,5,110.0
April,16,6,255.0
April,16,7,576.0
April,16,8,1240.0
April,16,9,1284.0
April,16,10,1688.0
April,16,11,2131.0
April,16,12,3252.0
April,16,13,3377.0
April,16,14,2886.0
April,16,15,3114.0
April,16,16,3089.0
April,16,17,3439.0
April,16,18,2574.0
April,16,19,1690.0
April,16,20,1468.0
April,16,21,873.0
April,16,22,784.0
April,16,23,256.0
April,17,0,93.0
April,17,1,57.0
April,17,2,19.0
April,17,3,32.0
April,17,4,24.0
April,17,5,84.0
April,17,6,212.0
April,17,7,533.0
April,17,8,1303.0
April,17,9,1428.0
April,17,10,1843.0
April,17,11,2320.0
April,17,12,3864.0
April,17,13,3598.0
April,17,14,3011.0
April,17,15,3070.0
April,17,16,3156.0
April,17,17,3842.0
April,17,18,3214.0
April,17,19,2090.0
April,17,20,1915.0
April,17,21,1891.0
April,17,22,813.0
April,17,23,935.0
April,18,0,266.0
April,18,1,200.0
April,18,2,77.0
April,18,3,58.0
April,18,4,48.0
April,18,5,84.0
April,18,6,191.0
April,18,7,552.0
April,18,8,1270.0
April,18,9,1274.0
April,18,10,1880.0
April,18,11,2438.0
April,18,12,3415.0
April,18,13,3742.0
April,18,14,3157.0
April,18,15,3141.0
April,18,16,3198.0
April,18,17,3847.0
April,18,18,3275.0
April,18,19,2215.0
April,18,20,2017.0
April,18,21,1939.0
April,18,22,973.0
April,18,23,850.0
April,19,0,338.0
April,19,1,175.0
April,19,2,192.0
April,19,3,51.0
April,19,4,44.0
April,19,5,75.0
April,19,6,208.0
April,19,7,517.0
April,19,8,1242.0
April,19,9,1279.0
April,19,10,1734.0
April,19,11,2231.0
April,19,12,3444.0
April,19,13,3843.0
April,19,14,3191.0
April,19,15,3248.0
April,19,16,3204.0
April,19,17,3899.0
April,19,18,3364.0
April,19,19,2246.0
April,19,20,2146.0
April,19,21,2018.0
April,19,22,1179.0
April,19,23,934.0
April,20,0,291.0
April,20,1,223.0
April,20,2,108.0
April,20,3,104.0
April,20,4,157.0
April,20,5,89.0
April,20,6,202.0
April,20,7,543.0
April,20,8,1127.0
April,20,9,1344.0
April,20,10,1816.0
April,20,11,2330.0
April,20,12,3422.0
April,20,13,3784.0
April,20,14,3446.0
April,20,15,3365.0
April,20,16,3531.0
April,20,17,4299.0
April,20,18,4020.0
April,20,19,3163.0
April,20,20,2775.0
April,20,21,2619.0
April,20,22,2052.0
April,20,23,1918.0
April,21,0,893.0
April,21,1,811.0
April,21,2,573.0
April,21,3,620.0
April,21,4,411.0
April,21,5,153.0
April,21,6,187.0
April,21,7,176.0
April,21,8,383.0
April,21,9,819.0
April,21,10,1475.0
April,21,11,2100.0
April,21,12,2902.0
April,21,13,3376.0
April,21,14,3595.0
April,21,15,3538.0
April,21,16,3509.0
April,21,17,3301.0
April,21,18,2981.0
April,21,19,2708.0
April,21,20,2701.0
April,21,21,2301.0
April,21,22,1708.0
April,21,23,1770.0
April,22,0,895.0
April,22,1,900.0
April,22,2,646.0
April,22,3,398.0
April,22,4,424.0
April,22,5,195.0
April,22,6,163.0
April,22,7,198.0
April,22,8,301.0
April,22,9,629.0
April,22,10,1162.0
April,22,11,1775.0
April,22,12,2555.0
April,22,13,2913.0
April,22,14,2985.0
April,22,15,3046.0
April,22,16,2906.0
April,22,17,2712.0
April,22,18,2110.0
April,22,19,2196.0
April,22,20,1841.0
April,22,21,1229.0
April,22,22,954.0
April,22,23,585.0
April,23,0,425.0
April,23,1,333.0
April,23,2,469.0
April,23,3,546.0
April,23,4,451.0
April,23,5,480.0
April,23,6,268.0
April,23,7,513.0
April,23,8,1137.0
April,23,9,1314.0
April,23,10,1976.0
April,23,11,2351.0
April,23,12,3566.0
April,23,13,3598.0
April,23,14,2940.0
April,23,15,3036.0
April,23,16,2939.0
April,23,17,3219.0
April,23,18,2446.0
April,23,19,1774.0
April,23,20,1294.0
April,23,21,964.0
April,23,22,611.0
April,23,23,283.0
April,24,0,135.0
April,24,1,69.0
April,24,2,28.0
April,24,3,18.0
April,24,4,46.0
April,24,5,82.0
April,24,6,198.0
April,24,7,534.0
April,24,8,1198.0
April,24,9,1218.0
April,24,10,1826.0
April,24,11,2475.0
April,24,12,3600.0
April,24,13,3846.0
April,24,14,3176.0
April,24,15,3161.0
April,24,16,3212.0
April,24,17,3484.0
April,24,18,2936.0
April,24,19,2116.0
April,24,20,1745.0
April,24,21,1421.0
April,24,22,1286.0
April,24,23,1041.0
April,25,0,750.0
April,25,1,478.0
April,25,2,188.0
April,25,3,198.0
April,25,4,131.0
April,25,5,218.0
April,25,6,468.0
April,25,7,1673.0
April,25,8,1309.0
April,25,9,1296.0
April,25,10,2181.0
April,25,11,2653.0
April,25,12,3566.0
April,25,13,3553.0
April,25,14,3633.0
April,25,15,3332.0
April,25,16,2986.0
April,25,17,2680.0
April,25,18,2536.0
April,25,19,1706.0
April,25,20,1285.0
April,25,21,1120.0
April,25,22,644.0
April,25,23,390.0
April,26,0,235.0
April,26,1,84.0
April,26,2,73.0
April,26,3,33.0
April,26,4,32.0
April,26,5,70.0
April,26,6,170.0
April,26,7,470.0
April,26,8,1205.0
April,26,9,1289.0
April,26,10,1875.0
April,26,11,2426.0
April,26,12,3224.0
April,26,13,3534.0
April,26,14,3216.0
April,26,15,3027.0
April,26,16,3189.0
April,26,17,3562.0
April,26,18,2733.0
April,26,19,1772.0
April,26,20,1494.0
April,26,21,1121.0
April,26,22,913.0
April,26,23,358.0
April,27,0,237.0
April,27,1,136.0
April,27,2,61.0
April,27,3,44.0
April,27,4,55.0
April,27,5,68.0
April,27,6,189.0
April,27,7,510.0
April,27,8,1219.0
April,27,9,1291.0
April,27,10,1863.0
April,27,11,2354.0
April,27,12,3642.0
April,27,13,3713.0
April,27,14,3200.0
April,27,15,3135.0
April,27,16,3491.0
April,27,17,3911.0
April,27,18,3563.0
April,27,19,2882.0
April,27,20,2651.0
April,27,21,2074.0
April,27,22,1660.0
April,27,23,1396.0
April,28,0,673.0
April,28,1,408.0
April,28,2,293.0
April,28,3,231.0
April,28,4,115.0
April,28,5,90.0
April,28,6,102.0
April,28,7,160.0
April,28,8,420.0
April,28,9,760.0
April,28,10,1411.0
April,28,11,2210.0
April,28,12,2737.0
April,28,13,3130.0
April,28,14,3270.0
April,28,15,3704.0
April,28,16,3455.0
April,28,17,3143.0
April,28,18,2640.0
April,28,19,2312.0
April,28,20,1728.0
April,28,21,1593.0
April,28,22,1307.0
April,28,23,1142.0
April,29,0,1014.0
April,29,1,633.0
April,29,2,443.0
April,29,3,728.0
April,29,4,310.0
April,29,5,140.0
April,29,6,174.0
April,29,7,185.0
April,29,8,321.0
April,29,9,597.0
April,29,10,1134.0
April,29,11,1827.0
April,29,12,2327.0
April,29,13,2886.0
April,29,14,3693.0
April,29,15,2902.0
April,29,16,2449.0
April,29,17,2452.0
April,29,18,2048.0
April,29,19,1449.0
April,29,20,1094.0
April,29,21,744.0
April,29,22,511.0
April,29,23,312.0
April,30,0,135.0
April,30,1,70.0
April,30,2,41.0
April,30,3,25.0
April,30,4,30.0
April,30,5,77.0
April,30,6,193.0
April,30,7,498.0
April,30,8,1073.0
April,30,9,1255.0
April,30,10,1694.0
April,30,11,2153.0
April,30,12,3109.0
April,30,13,3452.0
April,30,14,2857.0
April,30,15,2862.0
April,30,16,2712.0
April,30,17,3200.0
April,30,18,2344.0
April,30,19,1578.0
April,30,20,1052.0
April,30,21,861.0
April,30,22,488.0
April,30,23,252.0
May,1,0,85.0
May,1,1,63.0
May,1,2,30.0
May,1,3,18.0
May,1,4,27.0
May,1,5,64.0
May,1,6,195.0
May,1,7,507.0
May,1,8,1165.0
May,1,9,1229.0
May,1,10,1525.0
May,1,11,2092.0
May,1,12,3203.0
May,1,13,3465.0
May,1,14,2957.0
May,1,15,2765.0
May,1,16,2869.0
May,1,17,3190.0
May,1,18,2438.0
May,1,19,1745.0
May,1,20,1228.0
May,1,21,930.0
May,1,22,515.0
May,1,23,338.0
May,2,0,185.0
May,2,1,91.0
May,2,2,21.0
May,2,3,19.0
May,2,4,41.0
May,2,5,78.0
May,2,6,209.0
May,2,7,471.0
May,2,8,1157.0
May,2,9,1249.0
May,2,10,1632.0
May,2,11,2233.0
May,2,12,3287.0
May,2,13,3575.0
May,2,14,2912.0
May,2,15,3026.0
May,2,16,2924.0
May,2,17,3246.0
May,2,18,2722.0
May,2,19,1900.0
May,2,20,1244.0
May,2,21,941.0
May,2,22,640.0
May,2,23,310.0
May,3,0,147.0
May,3,1,92.0
May,3,2,40.0
May,3,3,31.0
May,3,4,34.0
May,3,5,72.0
May,3,6,211.0
May,3,7,545.0
May,3,8,1152.0
May,3,9,1167.0
May,3,10,1660.0
May,3,11,2043.0
May,3,12,3085.0
May,3,13,3462.0
May,3,14,2973.0
May,3,15,2787.0
May,3,16,3031.0
May,3,17,3545.0
May,3,18,2803.0
May,3,19,2090.0
May,3,20,1834.0
May,3,21,1381.0
May,3,22,889.0
May,3,23,599.0
May,4,0,250.0
May,4,1,134.0
May,4,2,78.0
May,4,3,40.0
May,4,4,55.0
May,4,5,58.0
May,4,6,182.0
May,4,7,546.0
May,4,8,1052.0
May,4,9,1214.0
May,4,10,1669.0
May,4,11,2105.0
May,4,12,3043.0
May,4,13,3502.0
May,4,14,2812.0
May,4,15,2884.0
May,4,16,3042.0
May,4,17,3656.0
May,4,18,3376.0
May,4,19,2872.0
May,4,20,2537.0
May,4,21,1944.0
May,4,22,1899.0
May,4,23,1036.0
May,5,0,649.0
May,5,1,430.0
May,5,2,298.0
May,5,3,240.0
May,5,4,123.0
May,5,5,101.0
May,5,6,89.0
May,5,7,206.0
May,5,8,427.0
May,5,9,849.0
May,5,10,1627.0
May,5,11,2282.0
May,5,12,3197.0
May,5,13,3481.0
May,5,14,3431.0
May,5,15,3250.0
May,5,16,3316.0
May,5,17,3344.0
May,5,18,2710.0
May,5,19,2124.0
May,5,20,1832.0
May,5,21,1480.0
May,5,22,1440.0
May,5,23,1051.0
May,6,0,1120.0
May,6,1,566.0
May,6,2,410.0
May,6,3,256.0
May,6,4,155.0
May,6,5,140.0
May,6,6,152.0
May,6,7,188.0
May,6,8,315.0
May,6,9,631.0
May,6,10,1396.0
May,6,11,1923.0
May,6,12,2521.0
May,6,13,3040.0
May,6,14,3020.0
May,6,15,2716.0
May,6,16,2709.0
May,6,17,2395.0
May,6,18,1955.0
May,6,19,1490.0
May,6,20,1300.0
May,6,21,918.0
May,6,22,836.0
May,6,23,527.0
May,7,0,417.0
May,7,1,158.0
May,7,2,44.0
May,7,3,36.0
May,7,4,30.0
May,7,5,81.0
May,7,6,155.0
May,7,7,473.0
May,7,8,1197.0
May,7,9,1236.0
May,7,10,1675.0
May,7,11,2033.0
May,7,12,3129.0
May,7,13,3434.0
May,7,14,2747.0
May,7,15,2535.0
May,7,16,2653.0
May,7,17,3164.0
May,7,18,2284.0
May,7,19,1590.0
May,7,20,1228.0
May,7,21,932.0
May,7,22,483.0
May,7,23,581.0
May,8,0,125.0
May,8,1,63.0
May,8,2,24.0
May,8,3,30.0
May,8,4,30.0
May,8,5,73.0
May,8,6,193.0
May,8,7,504.0
May,8,8,1122.0
May,8,9,1189.0
May,8,10,1721.0
May,8,11,2109.0
May,8,12,3100.0
May,8,13,3271.0
May,8,14,2811.0
May,8,15,2863.0
May,8,16,3017.0
May,8,17,3186.0
May,8,18,2659.0
May,8,19,1615.0
May,8,20,1139.0
May,8,21,855.0
May,8,22,515.0
May,8,23,251.0
May,9,0,128.0
May,9,1,77.0
May,9,2,34.0
May,9,3,26.0
May,9,4,30.0
May,9,5,64.0
May,9,6,173.0
May,9,7,524.0
May,9,8,1240.0
May,9,9,1613.0
May,9,10,2499.0
May,9,11,3630.0
May,9,12,4215.0
May,9,13,3460.0
May,9,14,2970.0
May,9,15,2889.0
May,9,16,2960.0
May,9,17,3433.0
May,9,18,2634.0
May,9,19,1662.0
May,9,20,1133.0
May,9,21,901.0
May,9,22,536.0
May,9,23,198.0
May,10,0,91.0
May,10,1,41.0
May,10,2,21.0
May,10,3,15.0
May,10,4,32.0
May,10,5,72.0
May,10,6,220.0
May,10,7,480.0
May,10,8,1120.0
May,10,9,1215.0
May,10,10,1605.0
May,10,11,1961.0
May,10,12,2978.0
May,10,13,2913.0
May,10,14,2454.0
May,10,15,2504.0
May,10,16,2572.0
May,10,17,2902.0
May,10,18,2361.0
May,10,19,1513.0
May,10,20,1193.0
May,10,21,795.0
May,10,22,519.0
May,10,23,295.0
May,11,0,150.0
May,11,1,120.0
May,11,2,52.0
May,11,3,40.0
May,11,4,38.0
May,11,5,61.0
May,11,6,178.0
May,11,7,459.0
May,11,8,1055.0
May,11,9,1294.0
May,11,10,1495.0
May,11,11,1928.0
May,11,12,2321.0
May,11,13,2403.0
May,11,14,2133.0
May,11,15,2147.0
May,11,16,2534.0
May,11,17,2816.0
May,11,18,2525.0
May,11,19,2072.0
May,11,20,1823.0
May,11,21,1576.0
May,11,22,1212.0
May,11,23,1335.0
May,12,0,620.0
May,12,1,371.0
May,12,2,297.0
May,12,3,161.0
May,12,4,77.0
May,12,5,102.0
May,12,6,110.0
May,12,7,179.0
May,12,8,475.0
May,12,9,961.0
May,12,10,1662.0
May,12,11,2412.0
May,12,12,3164.0
May,12,13,3614.0
May,12,14,3586.0
May,12,15,3516.0
May,12,16,3322.0
May,12,17,3360.0
May,12,18,2616.0
May,12,19,2331.0
May,12,20,1705.0
May,12,21,1284.0
May,12,22,916.0
May,12,23,960.0
May,13,0,571.0
May,13,1,361.0
May,13,2,288.0
May,13,3,235.0
May,13,4,157.0
May,13,5,120.0
May,13,6,150.0
May,13,7,162.0
May,13,8,367.0
May,13,9,690.0
May,13,10,1279.0
May,13,11,2010.0
May,13,12,2776.0
May,13,13,2793.0
May,13,14,3030.0
May,13,15,2979.0
May,13,16,2810.0
May,13,17,2335.0
May,13,18,1859.0
May,13,19,1484.0
May,13,20,1027.0
May,13,21,692.0
May,13,22,557.0
May,13,23,233.0
May,14,0,137.0
May,14,1,61.0
May,14,2,25.0
May,14,3,29.0
May,14,4,34.0
May,14,5,90.0
May,14,6,171.0
May,14,7,477.0
May,14,8,1085.0
May,14,9,1123.0
May,14,10,1639.0
May,14,11,1903.0
May,14,12,2959.0
May,14,13,3346.0
May,14,14,2765.0
May,14,15,2708.0
May,14,16,2762.0
May,14,17,3131.0
May,14,18,2270.0
May,14,19,1965.0
May,14,20,1924.0
May,14,21,1030.0
May,14,22,1114.0
May,14,23,341.0
May,15,0,98.0
May,15,1,55.0
May,15,2,21.0
May,15,3,33.0
May,15,4,38.0
May,15,5,84.0
May,15,6,192.0
May,15,7,510.0
May,15,8,1109.0
May,15,9,1099.0
May,15,10,1455.0
May,15,11,1798.0
May,15,12,2613.0
May,15,13,2896.0
May,15,14,2531.0
May,15,15,2594.0
May,15,16,2756.0
May,15,17,3271.0
May,15,18,2340.0
May,15,19,1539.0
May,15,20,1067.0
May,15,21,911.0
May,15,22,532.0
May,15,23,368.0
May,16,0,109.0
May,16,1,52.0
May,16,2,41.0
May,16,3,33.0
May,16,4,36.0
May,16,5,76.0
May,16,6,186.0
May,16,7,465.0
May,16,8,1161.0
May,16,9,1206.0
May,16,10,1610.0
May,16,11,2063.0
May,16,12,3049.0
May,16,13,3263.0
May,16,14,2721.0
May,16,15,2825.0
May,16,16,2779.0
May,16,17,3293.0
May,16,18,2582.0
May,16,19,1734.0
May,16,20,1207.0
May,16,21,969.0
May,16,22,549.0
May,16,23,398.0
May,17,0,186.0
May,17,1,90.0
May,17,2,63.0
May,17,3,33.0
May,17,4,47.0
May,17,5,59.0
May,17,6,248.0
May,17,7,493.0
May,17,8,1017.0
May,17,9,1120.0
May,17,10,1622.0
May,17,11,1943.0
May,17,12,3012.0
May,17,13,3367.0
May,17,14,2559.0
May,17,15,2641.0
May,17,16,2780.0
May,17,17,3257.0
May,17,18,2588.0
May,17,19,1825.0
May,17,20,1355.0
May,17,21,1141.0
May,17,22,733.0
May,17,23,396.0
May,18,0,177.0
May,18,1,128.0
May,18,2,114.0
May,18,3,53.0
May,18,4,47.0
May,18,5,110.0
May,18,6,210.0
May,18,7,462.0
May,18,8,999.0
May,18,9,1204.0
May,18,10,1543.0
May,18,11,2031.0
May,18,12,3095.0
May,18,13,3566.0
May,18,14,3058.0
May,18,15,2869.0
May,18,16,3026.0
May,18,17,3540.0
May,18,18,3386.0
May,18,19,2477.0
May,18,20,2117.0
May,18,21,1994.0
May,18,22,1712.0
May,18,23,1217.0
May,19,0,1211.0
May,19,1,574.0
May,19,2,335.0
May,19,3,181.0
May,19,4,121.0
May,19,5,105.0
May,19,6,123.0
May,19,7,223.0
May,19,8,478.0
May,19,9,962.0
May,19,10,1613.0
May,19,11,2347.0
May,19,12,3135.0
May,19,13,3698.0
May,19,14,3499.0
May,19,15,3519.0
May,19,16,3511.0
May,19,17,3231.0
May,19,18,2644.0
May,19,19,2416.0
May,19,20,1821.0
May,19,21,1504.0
May,19,22,1227.0
May,19,23,1179.0
May,20,0,1020.0
May,20,1,644.0
May,20,2,419.0
May,20,3,259.0
May,20,4,176.0
May,20,5,127.0
May,20,6,163.0
May,20,7,179.0
May,20,8,329.0
May,20,9,686.0
May,20,10,1186.0
May,20,11,1931.0
May,20,12,2305.0
May,20,13,2730.0
May,20,14,2785.0
May,20,15,2619.0
May,20,16,2607.0
May,20,17,2330.0
May,20,18,1567.0
May,20,19,1462.0
May,20,20,959.0
May,20,21,754.0
May,20,22,527.0
May,20,23,262.0
May,21,0,148.0
May,21,1,63.0
May,21,2,46.0
May,21,3,20.0
May,21,4,34.0
May,21,5,61.0
May,21,6,173.0
May,21,7,426.0
May,21,8,1073.0
May,21,9,1131.0
May,21,10,1552.0
May,21,11,1855.0
May,21,12,3067.0
May,21,13,3125.0
May,21,14,2801.0
May,21,15,2505.0
May,21,16,2660.0
May,21,17,2943.0
May,21,18,2317.0
May,21,19,1493.0
May,21,20,1113.0
May,21,21,782.0
May,21,22,477.0
May,21,23,201.0
May,22,0,118.0
May,22,1,53.0
May,22,2,30.0
May,22,3,29.0
May,22,4,37.0
May,22,5,86.0
May,22,6,322.0
May,22,7,497.0
May,22,8,1160.0
May,22,9,1195.0
May,22,10,1551.0
May,22,11,1879.0
May,22,12,2888.0
May,22,13,3176.0
May,22,14,2555.0
May,22,15,2663.0
May,22,16,2778.0
May,22,17,2986.0
May,22,18,2226.0
May,22,19,1461.0
May,22,20,1084.0
May,22,21,748.0
May,22,22,550.0
May,22,23,221.0
May,23,0,106.0
May,23,1,69.0
May,23,2,36.0
May,23,3,26.0
May,23,4,36.0
May,23,5,92.0
May,23,6,180.0
May,23,7,527.0
May,23,8,1181.0
May,23,9,1215.0
May,23,10,1658.0
May,23,11,2103.0
May,23,12,3068.0
May,23,13,3296.0
May,23,14,2812.0
May,23,15,2786.0
May,23,16,2926.0
May,23,17,3279.0
May,23,18,2574.0
May,23,19,1726.0
May,23,20,1322.0
May,23,21,924.0
May,23,22,624.0
May,23,23,371.0
May,24,0,138.0
May,24,1,89.0
May,24,2,41.0
May,24,3,24.0
May,24,4,42.0
May,24,5,81.0
May,24,6,189.0
May,24,7,490.0
May,24,8,1191.0
May,24,9,1231.0
May,24,10,1527.0
May,24,11,2032.0
May,24,12,3093.0
May,24,13,3378.0
May,24,14,2862.0
May,24,15,2922.0
May,24,16,2896.0
May,24,17,3448.0
May,24,18,2836.0
May,24,19,1920.0
May,24,20,1586.0
May,24,21,1101.0
May,24,22,714.0
May,24,23,383.0
May,25,0,207.0
May,25,1,134.0
May,25,2,71.0
May,25,3,70.0
May,25,4,48.0
May,25,5,74.0
May,25,6,204.0
May,25,7,440.0
May,25,8,1155.0
May,25,9,1263.0
May,25,10,1647.0
May,25,11,2230.0
May,25,12,3192.0
May,25,13,3459.0
May,25,14,2927.0
May,25,15,3146.0
May,25,16,3343.0
May,25,17,3875.0
May,25,18,3911.0
May,25,19,2740.0
May,25,20,2147.0
May,25,21,1779.0
May,25,22,1315.0
May,25,23,1026.0
May,26,0,751.0
May,26,1,502.0
May,26,2,289.0
May,26,3,229.0
May,26,4,140.0
May,26,5,94.0
May,26,6,73.0
May,26,7,181.0
May,26,8,375.0
May,26,9,851.0
May,26,10,1369.0
May,26,11,2102.0
May,26,12,2912.0
May,26,13,3054.0
May,26,14,3337.0
May,26,15,3342.0
May,26,16,3250.0
May,26,17,3077.0
May,26,18,2504.0
May,26,19,2120.0
May,26,20,1699.0
May,26,21,1686.0
May,26,22,1365.0
May,26,23,995.0
May,27,0,1146.0
May,27,1,524.0
May,27,2,375.0
May,27,3,259.0
May,27,4,125.0
May,27,5,126.0
May,27,6,172.0
May,27,7,216.0
May,27,8,288.0
May,27,9,605.0
May,27,10,1156.0
May,27,11,1748.0
May,27,12,2484.0
May,27,13,2633.0
May,27,14,2693.0
May,27,15,2958.0
May,27,16,2645.0
May,27,17,2315.0
May,27,18,1595.0
May,27,19,1373.0
May,27,20,1215.0
May,27,21,700.0
May,27,22,548.0
May,27,23,296.0
May,28,0,195.0
May,28,1,77.0
May,28,2,51.0
May,28,3,26.0
May,28,4,43.0
May,28,5,83.0
May,28,6,161.0
May,28,7,486.0
May,28,8,1032.0
May,28,9,1166.0
May,28,10,1562.0
May,28,11,1928.0
May,28,12,2820.0
May,28,13,3318.0
May,28,14,2700.0
May,28,15,2717.0
May,28,16,2592.0
May,28,17,3020.0
May,28,18,2223.0
May,28,19,1623.0
May,28,20,1092.0
May,28,21,866.0
May,28,22,507.0
May,28,23,264.0
May,29,0,102.0
May,29,1,64.0
May,29,2,29.0
May,29,3,25.0
May,29,4,44.0
May,29,5,70.0
May,29,6,173.0
May,29,7,570.0
May,29,8,1110.0
May,29,9,1036.0
May,29,10,1517.0
May,29,11,1882.0
May,29,12,2949.0
May,29,13,3263.0
May,29,14,2693.0
May,29,15,2596.0
May,29,16,2664.0
May,29,17,3080.0
May,29,18,2385.0
May,29,19,1581.0
May,29,20,1306.0
May,29,21,976.0
May,29,22,540.0
May,29,23,292.0
May,30,0,116.0
May,30,1,59.0
May,30,2,35.0
May,30,3,26.0
May,30,4,26.0
May,30,5,69.0
May,30,6,177.0
May,30,7,486.0
May,30,8,1055.0
May,30,9,1185.0
May,30,10,1478.0
May,30,11,2032.0
May,30,12,3029.0
May,30,13,3314.0
May,30,14,2753.0
May,30,15,2794.0
May,30,16,2674.0
May,30,17,3043.0
May,30,18,2394.0
May,30,19,1490.0
May,30,20,911.0
May,30,21,695.0
May,30,22,541.0
May,30,23,265.0
May,31,0,120.0
May,31,1,61.0
May,31,2,38.0
May,31,3,31.0
May,31,4,28.0
May,31,5,70.0
May,31,6,267.0
May,31,7,498.0
May,31,8,1133.0
May,31,9,1145.0
May,31,10,1499.0
May,31,11,1896.0
May,31,12,2900.0
May,31,13,3302.0
May,31,14,2650.0
May,31,15,2535.0
May,31,16,2488.0
May,31,17,3033.0
May,31,18,2512.0
May,31,19,2101.0
May,31,20,1661.0
May,31,21,1353.0
May,31,22,767.0
May,31,23,830.0
June,1,0,224.0
June,1,1,99.0
June,1,2,73.0
June,1,3,46.0
June,1,4,50.0
June,1,5,70.0
June,1,6,196.0
June,1,7,447.0
June,1,8,1053.0
June,1,9,1255.0
June,1,10,1645.0
June,1,11,2169.0
June,1,12,3081.0
June,1,13,3470.0
June,1,14,3012.0
June,1,15,2880.0
June,1,16,3074.0
June,1,17,3646.0
June,1,18,3216.0
June,1,19,2535.0
June,1,20,2076.0
June,1,21,1875.0
June,1,22,1332.0
June,1,23,1293.0
June,2,0,603.0
June,2,1,371.0
June,2,2,225.0
June,2,3,172.0
June,2,4,76.0
June,2,5,82.0
June,2,6,97.0
June,2,7,239.0
June,2,8,452.0
June,2,9,906.0
June,2,10,1575.0
June,2,11,2401.0
June,2,12,2885.0
June,2,13,3568.0
June,2,14,3628.0
June,2,15,3505.0
June,2,16,3390.0
June,2,17,3080.0
June,2,18,2572.0
June,2,19,2109.0
June,2,20,1664.0
June,2,21,1773.0
June,2,22,1626.0
June,2,23,1091.0
June,3,0,730.0
June,3,1,535.0
June,3,2,265.0
June,3,3,209.0
June,3,4,128.0
June,3,5,90.0
June,3,6,177.0
June,3,7,147.0
June,3,8,354.0
June,3,9,613.0
June,3,10,1238.0
June,3,11,1900.0
June,3,12,2437.0
June,3,13,2845.0
June,3,14,2896.0
June,3,15,2622.0
June,3,16,2604.0
June,3,17,2220.0
June,3,18,1896.0
June,3,19,1309.0
June,3,20,1020.0
June,3,21,682.0
June,3,22,435.0
June,3,23,254.0
June,4,0,165.0
June,4,1,61.0
June,4,2,40.0
June,4,3,27.0
June,4,4,40.0
June,4,5,95.0
June,4,6,176.0
June,4,7,494.0
June,4,8,973.0
June,4,9,1151.0
June,4,10,1494.0
June,4,11,1996.0
June,4,12,3186.0
June,4,13,3339.0
June,4,14,2749.0
June,4,15,2432.0
June,4,16,2592.0
June,4,17,3009.0
June,4,18,2055.0
June,4,19,1419.0
June,4,20,875.0
June,4,21,718.0
June,4,22,376.0
June,4,23,184.0
June,5,0,87.0
June,5,1,36.0
June,5,2,26.0
June,5,3,37.0
June,5,4,26.0
June,5,5,75.0
June,5,6,184.0
June,5,7,456.0
June,5,8,1122.0
June,5,9,1079.0
June,5,10,1457.0
June,5,11,1924.0
June,5,12,2966.0
June,5,13,3128.0
June,5,14,2525.0
June,5,15,2563.0
June,5,16,2634.0
June,5,17,2995.0
June,5,18,2265.0
June,5,19,1467.0
June,5,20,1008.0
June,5,21,809.0
June,5,22,486.0
June,5,23,280.0
June,6,0,127.0
June,6,1,73.0
June,6,2,25.0
June,6,3,25.0
June,6,4,34.0
June,6,5,75.0
June,6,6,196.0
June,6,7,464.0
June,6,8,1069.0
June,6,9,1203.0
June,6,10,1759.0
June,6,11,2336.0
June,6,12,3450.0
June,6,13,3409.0
June,6,14,2951.0
June,6,15,2867.0
June,6,16,2951.0
June,6,17,3480.0
June,6,18,2789.0
June,6,19,1622.0
June,6,20,993.0
June,6,21,842.0
June,6,22,976.0
June,6,23,616.0
June,7,0,229.0
June,7,1,122.0
June,7,2,48.0
June,7,3,41.0
June,7,4,40.0
June,7,5,63.0
June,7,6,217.0
June,7,7,517.0
June,7,8,1112.0
June,7,9,1244.0
June,7,10,1601.0
June,7,11,2124.0
June,7,12,2886.0
June,7,13,3098.0
June,7,14,2773.0
June,7,15,2759.0
June,7,16,2701.0
June,7,17,3200.0
June,7,18,2684.0
June,7,19,1748.0
June,7,20,1411.0
June,7,21,1049.0
June,7,22,649.0
June,7,23,354.0
June,8,0,173.0
June,8,1,122.0
June,8,2,75.0
June,8,3,82.0
June,8,4,53.0
June,8,5,74.0
June,8,6,196.0
June,8,7,438.0
June,8,8,1020.0
June,8,9,1112.0
June,8,10,1553.0
June,8,11,2149.0
June,8,12,2886.0
June,8,13,2844.0
June,8,14,2622.0
June,8,15,2728.0
June,8,16,2909.0
June,8,17,3461.0
June,8,18,3035.0
June,8,19,2332.0
June,8,20,1756.0
June,8,21,1463.0
June,8,22,1186.0
June,8,23,865.0
June,9,0,636.0
June,9,1,550.0
June,9,2,387.0
June,9,3,435.0
June,9,4,124.0
June,9,5,108.0
June,9,6,105.0
June,9,7,171.0
June,9,8,439.0
June,9,9,798.0
June,9,10,1458.0
June,9,11,2275.0
June,9,12,3202.0
June,9,13,3597.0
June,9,14,3708.0
June,9,15,3667.0
June,9,16,3405.0
June,9,17,3265.0
June,9,18,2686.0
June,9,19,2524.0
June,9,20,1674.0
June,9,21,1414.0
June,9,22,1478.0
June,9,23,980.0
June,10,0,528.0
June,10,1,351.0
June,10,2,271.0
June,10,3,226.0
June,10,4,105.0
June,10,5,95.0
June,10,6,156.0
June,10,7,182.0
June,10,8,371.0
June,10,9,743.0
June,10,10,1248.0
June,10,11,2293.0
June,10,12,2944.0
June,10,13,3229.0
June,10,14,3465.0
June,10,15,3487.0
June,10,16,3279.0
June,10,17,2676.0
June,10,18,2222.0
June,10,19,1663.0
June,10,20,1348.0
June,10,21,1087.0
June,10,22,820.0
June,10,23,484.0
June,11,0,328.0
June,11,1,224.0
June,11,2,105.0
June,11,3,109.0
June,11,4,79.0
June,11,5,102.0
June,11,6,109.0
June,11,7,203.0
June,11,8,327.0
June,11,9,708.0
June,11,10,1340.0
June,11,11,2174.0
June,11,12,2853.0
June,11,13,3107.0
June,11,14,3166.0
June,11,15,3178.0
June,11,16,2864.0
June,11,17,2360.0
June,11,18,1921.0
June,11,19,1240.0
June,11,20,799.0
June,11,21,603.0
June,11,22,390.0
June,11,23,215.0
June,12,0,83.0
June,12,1,39.0
June,12,2,23.0
June,12,3,29.0
June,12,4,37.0
June,12,5,88.0
June,12,6,167.0
June,12,7,473.0
June,12,8,979.0
June,12,9,1063.0
June,12,10,1529.0
June,12,11,1956.0
June,12,12,2983.0
June,12,13,3330.0
June,12,14,2785.0
June,12,15,2812.0
June,12,16,2630.0
June,12,17,2940.0
June,12,18,2279.0
June,12,19,1438.0
June,12,20,1053.0
June,12,21,728.0
June,12,22,463.0
June,12,23,225.0
June,13,0,95.0
June,13,1,67.0
June,13,2,31.0
June,13,3,16.0
June,13,4,49.0
June,13,5,87.0
June,13,6,263.0
June,13,7,472.0
June,13,8,1029.0
June,13,9,1087.0
June,13,10,1665.0
June,13,11,1986.0
June,13,12,3085.0
June,13,13,3033.0
June,13,14,2769.0
June,13,15,2698.0
June,13,16,2847.0
June,13,17,3008.0
June,13,18,2030.0
June,13,19,1197.0
June,13,20,895.0
June,13,21,647.0
June,13,22,458.0
June,13,23,233.0
June,14,0,100.0
June,14,1,50.0
June,14,2,35.0
June,14,3,27.0
June,14,4,29.0
June,14,5,75.0
June,14,6,176.0
June,14,7,487.0
June,14,8,1031.0
June,14,9,1088.0
June,14,10,1429.0
June,14,11,1906.0
June,14,12,2817.0
June,14,13,3171.0
June,14,14,2606.0
June,14,15,2630.0
June,14,16,2812.0
June,14,17,3286.0
June,14,18,2731.0
June,14,19,1635.0
June,14,20,1324.0
June,14,21,1093.0
June,14,22,591.0
June,14,23,376.0
June,15,0,186.0
June,15,1,116.0
June,15,2,68.0
June,15,3,56.0
June,15,4,63.0
June,15,5,84.0
June,15,6,165.0
June,15,7,483.0
June,15,8,919.0
June,15,9,1110.0
June,15,10,1533.0
June,15,11,2065.0
June,15,12,3062.0
June,15,13,3179.0
June,15,14,2725.0
June,15,15,3000.0
June,15,16,3022.0
June,15,17,3375.0
June,15,18,3008.0
June,15,19,2128.0
June,15,20,1352.0
June,15,21,1307.0
June,15,22,1000.0
June,15,23,577.0
June,16,0,547.0
June,16,1,387.0
June,16,2,263.0
June,16,3,157.0
June,16,4,108.0
June,16,5,82.0
June,16,6,93.0
June,16,7,174.0
June,16,8,326.0
June,16,9,730.0
June,16,10,1351.0
June,16,11,2088.0
June,16,12,2730.0
June,16,13,3499.0
June,16,14,4350.0
June,16,15,3421.0
June,16,16,3220.0
June,16,17,2874.0
June,16,18,2080.0
June,16,19,1659.0
June,16,20,1253.0
June,16,21,937.0
June,16,22,1406.0
June,16,23,1204.0
June,17,0,760.0
June,17,1,609.0
June,17,2,515.0
June,17,3,368.0
June,17,4,497.0
June,17,5,320.0
June,17,6,134.0
June,17,7,157.0
June,17,8,239.0
June,17,9,446.0
June,17,10,838.0
June,17,11,1184.0
June,17,12,1716.0
June,17,13,1983.0
June,17,14,1705.0
June,17,15,1825.0
June,17,16,1977.0
June,17,17,1789.0
June,17,18,1662.0
June,17,19,1045.0
June,17,20,831.0
June,17,21,638.0
June,17,22,449.0
June,17,23,266.0
June,18,0,150.0
June,18,1,54.0
June,18,2,33.0
June,18,3,26.0
June,18,4,28.0
June,18,5,110.0
June,18,6,181.0
June,18,7,444.0
June,18,8,1005.0
June,18,9,1055.0
June,18,10,1378.0
June,18,11,1881.0
June,18,12,3131.0
June,18,13,3044.0
June,18,14,2708.0
June,18,15,2636.0
June,18,16,2738.0
June,18,17,2941.0
June,18,18,2080.0
June,18,19,1493.0
June,18,20,1030.0
June,18,21,863.0
June,18,22,563.0
June,18,23,276.0
June,19,0,104.0
June,19,1,53.0
June,19,2,33.0
June,19,3,17.0
June,19,4,30.0
June,19,5,84.0
June,19,6,208.0
June,19,7,483.0
June,19,8,1043.0
June,19,9,1056.0
June,19,10,1492.0
June,19,11,1863.0
June,19,12,2976.0
June,19,13,3142.0
June,19,14,2908.0
June,19,15,2726.0
June,19,16,2970.0
June,19,17,3125.0
June,19,18,2409.0
June,19,19,1585.0
June,19,20,1148.0
June,19,21,945.0
June,19,22,545.0
June,19,23,278.0
June,20,0,170.0
June,20,1,60.0
June,20,2,25.0
June,20,3,21.0
June,20,4,34.0
June,20,5,81.0
June,20,6,191.0
June,20,7,453.0
June,20,8,923.0
June,20,9,1091.0
June,20,10,1500.0
June,20,11,2083.0
June,20,12,3010.0
June,20,13,3310.0
June,20,14,2749.0
June,20,15,2733.0
June,20,16,2758.0
June,20,17,3268.0
June,20,18,2600.0
June,20,19,1671.0
June,20,20,1210.0
June,20,21,1059.0
June,20,22,684.0
June,20,23,369.0
June,21,0,170.0
June,21,1,57.0
June,21,2,25.0
June,21,3,10.0
June,21,4,33.0
June,21,5,69.0
June,21,6,187.0
June,21,7,481.0
June,21,8,922.0
June,21,9,1047.0
June,21,10,1478.0
June,21,11,1929.0
June,21,12,3169.0
June,21,13,3510.0
June,21,14,2906.0
June,21,15,2762.0
June,21,16,3068.0
June,21,17,3380.0
June,21,18,2976.0
June,21,19,1898.0
June,21,20,1438.0
June,21,21,1235.0
June,21,22,686.0
June,21,23,337.0
June,22,0,255.0
June,22,1,137.0
June,22,2,55.0
June,22,3,50.0
June,22,4,56.0
June,22,5,97.0
June,22,6,191.0
June,22,7,408.0
June,22,8,936.0
June,22,9,1110.0
June,22,10,1491.0
June,22,11,1984.0
June,22,12,3148.0
June,22,13,3379.0
June,22,14,2998.0
June,22,15,3065.0
June,22,16,2994.0
June,22,17,3705.0
June,22,18,3335.0
June,22,19,2439.0
June,22,20,1938.0
June,22,21,1572.0
June,22,22,1175.0
June,22,23,786.0
June,23,0,490.0
June,23,1,348.0
June,23,2,279.0
June,23,3,183.0
June,23,4,117.0
June,23,5,103.0
June,23,6,70.0
June,23,7,196.0
June,23,8,350.0
June,23,9,726.0
June,23,10,1386.0
June,23,11,2033.0
June,23,12,2668.0
June,23,13,2946.0
June,23,14,2987.0
June,23,15,3217.0
June,23,16,3395.0
June,23,17,2676.0
June,23,18,1989.0
June,23,19,1911.0
June,23,20,1404.0
June,23,21,1168.0
June,23,22,1029.0
June,23,23,750.0
June,24,0,707.0
June,24,1,438.0
June,24,2,337.0
June,24,3,282.0
June,24,4,150.0
June,24,5,148.0
June,24,6,139.0
June,24,7,154.0
June,24,8,252.0
June,24,9,529.0
June,24,10,1125.0
June,24,11,1851.0
June,24,12,2415.0
June,24,13,2793.0
June,24,14,2863.0
June,24,15,2823.0
June,24,16,2540.0
June,24,17,2265.0
June,24,18,1853.0
June,24,19,1300.0
June,24,20,878.0
June,24,21,643.0
June,24,22,388.0
June,24,23,279.0
June,25,0,158.0
June,25,1,45.0
June,25,2,20.0
June,25,3,26.0
June,25,4,41.0
June,25,5,90.0
June,25,6,143.0
June,25,7,447.0
June,25,8,971.0
June,25,9,1016.0
June,25,10,1513.0
June,25,11,1891.0
June,25,12,2930.0
June,25,13,3271.0
June,25,14,2799.0
June,25,15,2704.0
June,25,16,2664.0
June,25,17,3134.0
June,25,18,2187.0
June,25,19,1570.0
June,25,20,1035.0
June,25,21,687.0
June,25,22,398.0
June,25,23,206.0
June,26,0,108.0
June,26,1,58.0
June,26,2,42.0
June,26,3,27.0
June,26,4,26.0
June,26,5,71.0
June,26,6,210.0
June,26,7,459.0
June,26,8,1004.0
June,26,9,1139.0
June,26,10,1566.0
June,26,11,1834.0
June,26,12,3001.0
June,26,13,3149.0
June,26,14,2626.0
June,26,15,2732.0
June,26,16,2814.0
June,26,17,3018.0
June,26,18,2455.0
June,26,19,1471.0
June,26,20,1040.0
June,26,21,868.0
June,26,22,544.0
June,26,23,235.0
June,27,0,98.0
June,27,1,64.0
June,27,2,47.0
June,27,3,11.0
June,27,4,27.0
June,27,5,73.0
June,27,6,194.0
June,27,7,467.0
June,27,8,990.0
June,27,9,1142.0
June,27,10,1547.0
June,27,11,2195.0
June,27,12,2860.0
June,27,13,3408.0
June,27,14,2720.0
June,27,15,2822.0
June,27,16,2748.0
June,27,17,3075.0
June,27,18,2455.0
June,27,19,1649.0
June,27,20,1173.0
June,27,21,831.0
June,27,22,594.0
June,27,23,253.0
June,28,0,125.0
June,28,1,59.0
June,28,2,32.0
June,28,3,21.0
June,28,4,29.0
June,28,5,65.0
June,28,6,185.0
June,28,7,431.0
June,28,8,946.0
June,28,9,1094.0
June,28,10,1341.0
June,28,11,1753.0
June,28,12,2908.0
June,28,13,3326.0
June,28,14,2824.0
June,28,15,2784.0
June,28,16,2929.0
June,28,17,3303.0
June,28,18,2634.0
June,28,19,1717.0
June,28,20,1261.0
June,28,21,981.0
June,28,22,629.0
June,28,23,396.0
June,29,0,197.0
June,29,1,96.0
June,29,2,69.0
June,29,3,53.0
June,29,4,65.0
June,29,5,70.0
June,29,6,190.0
June,29,7,400.0
June,29,8,946.0
June,29,9,1043.0
June,29,10,1515.0
June,29,11,2076.0
June,29,12,3064.0
June,29,13,3435.0
June,29,14,2920.0
June,29,15,3073.0
June,29,16,3077.0
June,29,17,3584.0
June,29,18,2980.0
June,29,19,2211.0
June,29,20,1808.0
June,29,21,1729.0
June,29,22,1298.0
June,29,23,1124.0
June,30,0,1276.0
June,30,1,749.0
June,30,2,707.0
June,30,3,930.0
June,30,4,200.0
June,30,5,87.0
June,30,6,109.0
June,30,7,191.0
June,30,8,396.0
June,30,9,849.0
June,30,10,1355.0
June,30,11,2080.0
June,30,12,2689.0
June,30,13,2893.0
June,30,14,2973.0
June,30,15,2995.0
June,30,16,3062.0
June,30,17,2743.0
June,30,18,2141.0
June,30,19,1848.0
June,30,20,1502.0
June,30,21,1310.0
June,30,22,1067.0
June,30,23,865.0
July,1,0,656.0
July,1,1,436.0
July,1,2,487.0
July,1,3,212.0
July,1,4,113.0
July,1,5,126.0
July,1,6,156.0
July,1,7,158.0
July,1,8,263.0
July,1,9,601.0
July,1,10,1222.0
July,1,11,1785.0
July,1,12,2662.0
July,1,13,2823.0
July,1,14,3019.0
July,1,15,3049.0
July,1,16,3146.0
July,1,17,2355.0
July,1,18,1853.0
July,1,19,1544.0
July,1,20,1108.0
July,1,21,727.0
July,1,22,496.0
July,1,23,218.0
July,2,0,106.0
July,2,1,77.0
July,2,2,29.0
July,2,3,27.0
July,2,4,33.0
July,2,5,80.0
July,2,6,169.0
July,2,7,372.0
July,2,8,874.0
July,2,9,973.0
July,2,10,1650.0
July,2,11,2121.0
July,2,12,3287.0
July,2,13,3602.0
July,2,14,3170.0
July,2,15,3273.0
July,2,16,2949.0
July,2,17,2943.0
July,2,18,2242.0
July,2,19,1610.0
July,2,20,1086.0
July,2,21,716.0
July,2,22,395.0
July,2,23,172.0
July,3,0,86.0
July,3,1,40.0
July,3,2,26.0
July,3,3,14.0
July,3,4,26.0
July,3,5,80.0
July,3,6,165.0
July,3,7,413.0
July,3,8,931.0
July,3,9,950.0
July,3,10,1515.0
July,3,11,2013.0
July,3,12,3336.0
July,3,13,3448.0
July,3,14,3115.0
July,3,15,3227.0
July,3,16,2996.0
July,3,17,3330.0
July,3,18,2515.0
July,3,19,1637.0
July,3,20,1137.0
July,3,21,844.0
July,3,22,479.0
July,3,23,223.0
July,4,0,160.0
July,4,1,52.0
July,4,2,32.0
July,4,3,29.0
July,4,4,15.0
July,4,5,77.0
July,4,6,192.0
July,4,7,454.0
July,4,8,965.0
July,4,9,1035.0
July,4,10,1469.0
July,4,11,2214.0
July,4,12,3302.0
July,4,13,3887.0
July,4,14,3382.0
July,4,15,3281.0
July,4,16,3184.0
July,4,17,3337.0
July,4,18,2597.0
July,4,19,1766.0
July,4,20,1206.0
July,4,21,1077.0
July,4,22,581.0
July,4,23,251.0
July,5,0,117.0
July,5,1,67.0
July,5,2,24.0
July,5,3,38.0
July,5,4,30.0
July,5,5,67.0
July,5,6,209.0
July,5,7,408.0
July,5,8,991.0
July,5,9,1091.0
July,5,10,1520.0
July,5,11,2216.0
July,5,12,3385.0
July,5,13,3759.0
July,5,14,3387.0
July,5,15,3437.0
July,5,16,3337.0
July,5,17,3601.0
July,5,18,2870.0
July,5,19,1898.0
July,5,20,1425.0
July,5,21,1201.0
July,5,22,821.0
July,5,23,432.0
July,6,0,224.0
July,6,1,123.0
July,6,2,80.0
July,6,3,49.0
July,6,4,47.0
July,6,5,97.0
July,6,6,219.0
July,6,7,431.0
July,6,8,931.0
July,6,9,1318.0
July,6,10,2062.0
July,6,11,2767.0
July,6,12,4109.0
July,6,13,4733.0
July,6,14,4194.0
July,6,15,3565.0
July,6,16,3575.0
July,6,17,4047.0
July,6,18,3257.0
July,6,19,2475.0
July,6,20,1931.0
July,6,21,1636.0
July,6,22,1366.0
July,6,23,895.0
July,7,0,500.0
July,7,1,327.0
July,7,2,301.0
July,7,3,224.0
July,7,4,101.0
July,7,5,84.0
July,7,6,95.0
July,7,7,160.0
July,7,8,392.0
July,7,9,821.0
July,7,10,1367.0
July,7,11,2050.0
July,7,12,2817.0
July,7,13,3091.0
July,7,14,3412.0
July,7,15,3289.0
July,7,16,3245.0
July,7,17,2848.0
July,7,18,2179.0
July,7,19,1799.0
July,7,20,1501.0
July,7,21,1136.0
July,7,22,1046.0
July,7,23,770.0
July,8,0,463.0
July,8,1,322.0
July,8,2,413.0
July,8,3,224.0
July,8,4,114.0
July,8,5,129.0
July,8,6,149.0
July,8,7,178.0
July,8,8,270.0
July,8,9,625.0
July,8,10,1129.0
July,8,11,1927.0
July,8,12,2847.0
July,8,13,2984.0
July,8,14,3049.0
July,8,15,3138.0
July,8,16,2851.0
July,8,17,2380.0
July,8,18,2202.0
July,8,19,1611.0
July,8,20,1212.0
July,8,21,719.0
July,8,22,545.0
July,8,23,265.0
July,9,0,133.0
July,9,1,89.0
July,9,2,43.0
July,9,3,42.0
July,9,4,30.0
July,9,5,91.0
July,9,6,160.0
July,9,7,426.0
July,9,8,896.0
July,9,9,1095.0
July,9,10,1671.0
July,9,11,2432.0
July,9,12,3692.0
July,9,13,3929.0
July,9,14,3577.0
July,9,15,3289.0
July,9,16,3152.0
July,9,17,3312.0
July,9,18,2300.0
July,9,19,1686.0
July,9,20,1172.0
July,9,21,869.0
July,9,22,489.0
July,9,23,228.0
July,10,0,81.0
July,10,1,76.0
July,10,2,23.0
July,10,3,30.0
July,10,4,24.0
July,10,5,71.0
July,10,6,238.0
July,10,7,488.0
July,10,8,941.0
July,10,9,1126.0
July,10,10,1483.0
July,10,11,2356.0
July,10,12,3445.0
July,10,13,3668.0
July,10,14,3416.0
July,10,15,3264.0
July,10,16,3352.0
July,10,17,3458.0
July,10,18,2659.0
July,10,19,1809.0
July,10,20,1295.0
July,10,21,923.0
July,10,22,554.0
July,10,23,315.0
July,11,0,129.0
July,11,1,72.0
July,11,2,34.0
July,11,3,53.0
July,11,4,45.0
July,11,5,73.0
July,11,6,195.0
July,11,7,452.0
July,11,8,887.0
July,11,9,1121.0
July,11,10,1679.0
July,11,11,2349.0
July,11,12,3599.0
July,11,13,3816.0
July,11,14,3499.0
July,11,15,3423.0
July,11,16,3045.0
July,11,17,3430.0
July,11,18,2534.0
July,11,19,1852.0
July,11,20,1420.0
July,11,21,983.0
July,11,22,572.0
July,11,23,274.0
July,12,0,128.0
July,12,1,64.0
July,12,2,38.0
July,12,3,31.0
July,12,4,26.0
July,12,5,87.0
July,12,6,188.0
July,12,7,437.0
July,12,8,867.0
July,12,9,1086.0
July,12,10,1669.0
July,12,11,2449.0
July,12,12,3450.0
July,12,13,4011.0
July,12,14,3656.0
July,12,15,3579.0
July,12,16,3260.0
July,12,17,3729.0
July,12,18,2842.0
July,12,19,2006.0
July,12,20,1837.0
July,12,21,1652.0
July,12,22,1007.0
July,12,23,444.0
July,13,0,481.0
July,13,1,283.0
July,13,2,64.0
July,13,3,50.0
July,13,4,60.0
July,13,5,95.0
July,13,6,214.0
July,13,7,428.0
July,13,8,958.0
July,13,9,1125.0
July,13,10,1769.0
July,13,11,2559.0
July,13,12,3664.0
July,13,13,3950.0
July,13,14,3860.0
July,13,15,3674.0
July,13,16,3810.0
July,13,17,3949.0
July,13,18,3569.0
July,13,19,2558.0
July,13,20,2137.0
July,13,21,1880.0
July,13,22,1320.0
July,13,23,1060.0
July,14,0,519.0
July,14,1,401.0
July,14,2,238.0
July,14,3,191.0
July,14,4,91.0
July,14,5,67.0
July,14,6,120.0
July,14,7,149.0
July,14,8,353.0
July,14,9,777.0
July,14,10,1435.0
July,14,11,2098.0
July,14,12,3005.0
July,14,13,3701.0
July,14,14,3813.0
July,14,15,3895.0
July,14,16,3398.0
July,14,17,3163.0
July,14,18,2481.0
July,14,19,2014.0
July,14,20,1571.0
July,14,21,1312.0
July,14,22,1293.0
July,14,23,1144.0
July,15,0,855.0
July,15,1,691.0
July,15,2,381.0
July,15,3,398.0
July,15,4,144.0
July,15,5,120.0
July,15,6,149.0
July,15,7,166.0
July,15,8,255.0
July,15,9,560.0
July,15,10,1149.0
July,15,11,1849.0
July,15,12,2257.0
July,15,13,2661.0
July,15,14,2795.0
July,15,15,2761.0
July,15,16,3051.0
July,15,17,2408.0
July,15,18,1766.0
July,15,19,1440.0
July,15,20,1028.0
July,15,21,651.0
July,15,22,412.0
July,15,23,272.0
July,16,0,129.0
July,16,1,53.0
July,16,2,25.0
July,16,3,181.0
July,16,4,180.0
July,16,5,105.0
July,16,6,163.0
July,16,7,455.0
July,16,8,926.0
July,16,9,1105.0
July,16,10,1504.0
July,16,11,2092.0
July,16,12,3150.0
July,16,13,3388.0
July,16,14,2951.0
July,16,15,2929.0
July,16,16,3025.0
July,16,17,3070.0
July,16,18,2221.0
July,16,19,1609.0
July,16,20,1007.0
July,16,21,778.0
July,16,22,410.0
July,16,23,335.0
July,17,0,103.0
July,17,1,27.0
July,17,2,22.0
July,17,3,26.0
July,17,4,33.0
July,17,5,87.0
July,17,6,184.0
July,17,7,476.0
July,17,8,1029.0
July,17,9,1154.0
July,17,10,1574.0
July,17,11,1891.0
July,17,12,3029.0
July,17,13,3282.0
July,17,14,3130.0
July,17,15,2896.0
July,17,16,2733.0
July,17,17,3184.0
July,17,18,2289.0
July,17,19,1506.0
July,17,20,1143.0
July,17,21,837.0
July,17,22,480.0
July,17,23,341.0
July,18,0,129.0
July,18,1,58.0
July,18,2,20.0
July,18,3,19.0
July,18,4,41.0
July,18,5,72.0
July,18,6,183.0
July,18,7,472.0
July,18,8,993.0
July,18,9,1199.0
July,18,10,1616.0
July,18,11,2069.0
July,18,12,3107.0
July,18,13,3563.0
July,18,14,3078.0
July,18,15,3073.0
July,18,16,3113.0
July,18,17,3362.0
July,18,18,2618.0
July,18,19,1699.0
July,18,20,1213.0
July,18,21,1031.0
July,18,22,606.0
July,18,23,343.0
July,19,0,128.0
July,19,1,52.0
July,19,2,25.0
July,19,3,23.0
July,19,4,31.0
July,19,5,75.0
July,19,6,175.0
July,19,7,515.0
July,19,8,1121.0
July,19,9,1134.0
July,19,10,1547.0
July,19,11,1940.0
July,19,12,2828.0
July,19,13,3552.0
July,19,14,3046.0
July,19,15,2919.0
July,19,16,3025.0
July,19,17,3326.0
July,19,18,2278.0
July,19,19,1318.0
July,19,20,1138.0
July,19,21,855.0
July,19,22,603.0
July,19,23,500.0
July,20,0,164.0
July,20,1,110.0
July,20,2,73.0
July,20,3,43.0
July,20,4,58.0
July,20,5,85.0
July,20,6,147.0
July,20,7,479.0
July,20,8,1030.0
July,20,9,1242.0
July,20,10,1778.0
July,20,11,2259.0
July,20,12,3455.0
July,20,13,3307.0
July,20,14,2949.0
July,20,15,3087.0
July,20,16,3338.0
July,20,17,3845.0
July,20,18,3286.0
July,20,19,2299.0
July,20,20,1817.0
July,20,21,1641.0
July,20,22,1106.0
July,20,23,988.0
July,21,0,590.0
July,21,1,415.0
July,21,2,304.0
July,21,3,221.0
July,21,4,110.0
July,21,5,62.0
July,21,6,97.0
July,21,7,172.0
July,21,8,349.0
July,21,9,860.0
July,21,10,1462.0
July,21,11,2260.0
July,21,12,3053.0
July,21,13,3309.0
July,21,14,3507.0
July,21,15,3766.0
July,21,16,3557.0
July,21,17,3203.0
July,21,18,2428.0
July,21,19,2008.0
July,21,20,1644.0
July,21,21,1329.0
July,21,22,1063.0
July,21,23,746.0
July,22,0,576.0
July,22,1,447.0
July,22,2,308.0
July,22,3,238.0
July,22,4,112.0
July,22,5,142.0
July,22,6,149.0
July,22,7,169.0
July,22,8,267.0
July,22,9,601.0
July,22,10,1159.0
July,22,11,1771.0
July,22,12,2318.0
July,22,13,2946.0
July,22,14,3108.0
July,22,15,3033.0
July,22,16,2930.0
July,22,17,2324.0
July,22,18,1766.0
July,22,19,1415.0
July,22,20,991.0
July,22,21,607.0
July,22,22,441.0
July,22,23,390.0
July,23,0,113.0
July,23,1,61.0
July,23,2,26.0
July,23,3,36.0
July,23,4,24.0
July,23,5,73.0
July,23,6,149.0
July,23,7,414.0
July,23,8,1099.0
July,23,9,1130.0
July,23,10,1537.0
July,23,11,1979.0
July,23,12,2937.0
July,23,13,3135.0
July,23,14,2671.0
July,23,15,2741.0
July,23,16,2596.0
July,23,17,2899.0
July,23,18,2129.0
July,23,19,1347.0
July,23,20,800.0
July,23,21,594.0
July,23,22,335.0
July,23,23,252.0
July,24,0,102.0
July,24,1,36.0
July,24,2,16.0
July,24,3,19.0
July,24,4,39.0
July,24,5,75.0
July,24,6,164.0
July,24,7,486.0
July,24,8,1021.0
July,24,9,1168.0
July,24,10,1462.0
July,24,11,1708.0
July,24,12,2905.0
July,24,13,3219.0
July,24,14,2590.0
July,24,15,2522.0
July,24,16,2275.0
July,24,17,2680.0
July,24,18,2375.0
July,24,19,1535.0
July,24,20,1035.0
July,24,21,836.0
July,24,22,470.0
July,24,23,234.0
July,25,0,118.0
July,25,1,55.0
July,25,2,31.0
July,25,3,31.0
July,25,4,35.0
July,25,5,73.0
July,25,6,170.0
July,25,7,543.0
July,25,8,1106.0
July,25,9,1165.0
July,25,10,1596.0
July,25,11,2108.0
July,25,12,3124.0
July,25,13,3411.0
July,25,14,2919.0
July,25,15,3080.0
July,25,16,3111.0
July,25,17,3364.0
July,25,18,2688.0
July,25,19,1777.0
July,25,20,1258.0
July,25,21,921.0
July,25,22,535.0
July,25,23,382.0
July,26,0,139.0
July,26,1,56.0
July,26,2,34.0
July,26,3,32.0
July,26,4,29.0
July,26,5,71.0
July,26,6,170.0
July,26,7,477.0
July,26,8,1160.0
July,26,9,1354.0
July,26,10,1711.0
July,26,11,1999.0
July,26,12,3042.0
July,26,13,3639.0
July,26,14,3026.0
July,26,15,2914.0
July,26,16,2985.0
July,26,17,3247.0
July,26,18,2767.0
July,26,19,1879.0
July,26,20,1466.0
July,26,21,1103.0
July,26,22,726.0
July,26,23,322.0
July,27,0,156.0
July,27,1,96.0
July,27,2,49.0
July,27,3,58.0
July,27,4,52.0
July,27,5,120.0
July,27,6,295.0
July,27,7,492.0
July,27,8,1090.0
July,27,9,1301.0
July,27,10,1707.0
July,27,11,2310.0
July,27,12,3295.0
July,27,13,3568.0
July,27,14,3339.0
July,27,15,3190.0
July,27,16,3484.0
July,27,17,4111.0
July,27,18,3623.0
July,27,19,2636.0
July,27,20,2225.0
July,27,21,1784.0
July,27,22,1400.0
July,27,23,1389.0
July,28,0,733.0
July,28,1,473.0
July,28,2,342.0
July,28,3,236.0
July,28,4,99.0
July,28,5,128.0
July,28,6,117.0
July,28,7,212.0
July,28,8,526.0
July,28,9,1148.0
July,28,10,1912.0
July,28,11,2796.0
July,28,12,3413.0
July,28,13,3615.0
July,28,14,3743.0
July,28,15,3945.0
July,28,16,3907.0
July,28,17,3763.0
July,28,18,3013.0
July,28,19,2203.0
July,28,20,1800.0
July,28,21,1340.0
July,28,22,1457.0
July,28,23,947.0
July,29,0,544.0
July,29,1,457.0
July,29,2,334.0
July,29,3,268.0
July,29,4,157.0
July,29,5,158.0
July,29,6,227.0
July,29,7,262.0
July,29,8,494.0
July,29,9,942.0
July,29,10,1688.0
July,29,11,2290.0
July,29,12,2939.0
July,29,13,3142.0
July,29,14,3005.0
July,29,15,2796.0
July,29,16,2606.0
July,29,17,2303.0
July,29,18,1597.0
July,29,19,1333.0
July,29,20,1110.0
July,29,21,851.0
July,29,22,492.0
July,29,23,221.0
July,30,0,129.0
July,30,1,50.0
July,30,2,35.0
July,30,3,23.0
July,30,4,21.0
July,30,5,79.0
July,30,6,189.0
July,30,7,471.0
July,30,8,1017.0
July,30,9,1223.0
July,30,10,1442.0
July,30,11,1907.0
July,30,12,3000.0
July,30,13,3235.0
July,30,14,2755.0
July,30,15,2662.0
July,30,16,2761.0
July,30,17,3020.0
July,30,18,2130.0
July,30,19,1385.0
July,30,20,1036.0
July,30,21,702.0
July,30,22,348.0
July,30,23,192.0
July,31,0,73.0
July,31,1,36.0
July,31,2,25.0
July,31,3,10.0
July,31,4,25.0
July,31,5,66.0
July,31,6,193.0
July,31,7,512.0
July,31,8,1111.0
July,31,9,1144.0
July,31,10,1556.0
July,31,11,1900.0
July,31,12,3007.0
July,31,13,3199.0
July,31,14,2778.0
July,31,15,2776.0
July,31,16,2783.0
July,31,17,3096.0
July,31,18,2101.0
July,31,19,1342.0
July,31,20,1015.0
July,31,21,786.0
July,31,22,376.0
July,31,23,187.0
