Gallery Name,Latitude,Longitude,Number of public arts,Average art year
Old Melbourne Gaol Crime,-37.80776441,144.9654639,0,0
Victorian Arts Centre,-37.82199473,144.9688373,6,1909
The Ian Potter Centre: NGV Australia,-37.81748314,144.969899,0,0
Thoroughbred Racing Gallery,-37.81886627,144.9839701,0,0
Fox Classic Car Collection,-37.82137443,144.9484967,15,2006
Koorie Heritage Trust Inc,-37.81338543,144.9540279,0,0
Australian Centre For The Moving Image (ACMI),-37.81761073,144.9690704,0,0
Blindside Gallery,-37.816711,144.966812,9,1993
Flinders Lane Gallery,-37.815715,144.970033,1,1993
Mailbox Art Space,-37.815758,144.969861,1,0
RMIT Gallery,-37.8125865,144.9554579,0,0
Neon Parc,-37.813892,144.96402,9,1995
Outre Gallery,-37.812816,144.962224,1,1994
Anna Schwartz Gallery,-37.816048,144.96889,6,1993
ARC ONE Gallery,-37.81473,144.97308,2,1905
Gallery Funaki,-37.811609,144.971399,2,1994
Lesley Kehoe Galleries,-37.814922,144.97052,1,1994
SpACE@Collins,-37.815775,144.964823,9,1993
Tolarno Galleries,-37.813133,144.97133,1,1905
Immigration Museum,-37.8183741,144.9592075,26,2001
National Gallery of Victoria,-37.8225942,144.9689278,5,1909
The Dax Centre,-37.7982687,144.9585509,0,0
Fortyfivedownstairs Inc,-37.8169558,144.9708847,5,2006
Pieces of Eight Gallery,-37.8134924,144.9673838,15,1985
Magnet Galleries Melbourne,-37.8165815,144.9523872,0,0
